submit_time,duration,source,source_detail,age_group,gender,daily_usage,know_manjiao,know_channel,watch_content,content_type,attitude,notice_teen,teen_age,teen_usage,teen_share,teen_prefer,teen_imitate_general,teen_mood,teen_escape,teen_social_less,teen_online_interact,teen_manjiao_exp,teen_imitate,guardian_restrict,impact_judge,regulation_suff,support_regulation,algo_exposure,impact_text,suggest_text,duration_sec,know_channel_A,know_channel_B,know_channel_C,know_channel_D,content_type_A,content_type_B,content_type_C,content_type_D,teen_prefer_A,teen_prefer_B,teen_prefer_C,teen_prefer_D,teen_prefer_E,age_group_code,gender_code,daily_usage_code,know_manjiao_code,watch_content_code,attitude_code,notice_teen_code,teen_usage_code,teen_share_code,teen_imitate_general_code,teen_mood_code,teen_escape_code,teen_social_less_code,teen_online_interact_code,teen_manjiao_exp_code,teen_imitate_code,guardian_restrict_code,impact_judge_code,regulation_suff_code,support_regulation_code,algo_exposure_code,teen_mood_score,teen_escape_score,teen_social_less_score,teen_online_interact_score,teen_manjiao_exp_score,teen_imitate_score,teen_imitate_general_score,risk_score,imitate_increment
2025/3/12 17:47:22,149秒,微信,,D. 18岁以上  ,B. 女,A. 少于1小时,B. 了解一些,B. 朋友或同学┋C. 新闻报道,B. 偶尔观看,B. 低俗或猎奇行为（如吃地果、擦边、未成年怀孕、老幼恋爱视频等）,E. 非常反感,B. 否,,,,,,,,,,,,,B. 消极影响更多,C. 不够,A. 非常支持,A. 是,三观扭曲，早熟,加强快手平台的内容审核,149,0,1,1,0,0,1,0,0,0,0,0,0,0,D,B,A,B,B,E,B,,,,,,,,,,,B,C,A,A,,,,,,,,0.0,0
2025/3/12 17:53:09,278秒,微信,,D. 18岁以上  ,B. 女,A. 少于1小时,B. 了解一些,A. 快手等短视频平台┋B. 朋友或同学,C. 从未观看,A. 慢节奏生活（如手工、园艺等）,E. 非常反感,B. 否,,,,,,,,,,,,,B. 消极影响更多,C. 不够,A. 非常支持,B. 否,对他们造成不正确的思想引导,减少低俗类视频的流量,278,1,1,0,0,1,0,0,0,0,0,0,0,0,D,B,A,B,C,E,B,,,,,,,,,,,B,C,A,B,,,,,,,,0.0,0
2025/3/12 17:56:35,199秒,微信,,C. 16-18岁  ,B. 女,B. 1-2小时,D. 完全不了解,D. 其他（请注明）〖不了解〗,C. 从未观看,A. 慢节奏生活（如手工、园艺等）,C. 中立,A. 是,15-18岁,B. 1-2小时,A. 经常,A. 搞笑类,B. 偶尔模仿,B. 否,B. 否,B. 否,B. 否,B. 否,D. 从不模仿,B. 否,C. 既有积极也有消极影响,C. 不够,A. 非常支持,A. 是,沉迷,无,199,0,0,0,1,1,0,0,0,1,0,0,0,0,C,B,B,D,C,C,A,B,A,B,B,B,B,B,B,D,B,C,C,A,A,0.0,0.0,0.0,0.0,0.0,0.0,0.6666666666666666,0.0,0
2025/3/12 17:57:46,119秒,微信,,D. 18岁以上  ,B. 女,C. 2-4小时,C. 听说过但不了解,B. 朋友或同学,C. 从未观看,A. 慢节奏生活（如手工、园艺等）,C. 中立,A. 是,10岁以下,B. 1-2小时,A. 经常,B. 低俗类,A. 经常模仿,A. 是（如易怒、焦虑、抑郁）,B. 否,C. 不确定,A. 是,A. 是,A. 经常模仿,A. 是,B. 消极影响更多,C. 不够,A. 非常支持,B. 否,(空),(空),119,0,1,0,0,1,0,0,0,0,1,0,0,0,D,B,C,C,C,C,A,B,A,A,A,B,C,A,A,A,A,B,C,A,B,,0.0,0.5,1.0,1.0,1.0,1.0,3.5,0
2025/3/12 18:05:12,168秒,微信,,D. 18岁以上  ,B. 女,B. 1-2小时,B. 了解一些,A. 快手等短视频平台,C. 从未观看,B. 低俗或猎奇行为（如吃地果、擦边、未成年怀孕、老幼恋爱视频等）┋C. 负能量相关内容（死亡妆容、引导自残、自杀等内容）,E. 非常反感,A. 是,10岁以下,B. 1-2小时,B. 偶尔,A. 搞笑类,B. 偶尔模仿,C. 不确定,C. 不确定,C. 不确定,C. 不确定,B. 否,C. 很少模仿,A. 是,B. 消极影响更多,C. 不够,A. 非常支持,C. 不确定,(空),(空),168,1,0,0,0,0,1,1,0,1,0,0,0,0,D,B,B,B,C,E,A,B,B,B,C,C,C,C,B,C,A,B,C,A,C,0.5,0.5,0.5,0.5,0.0,0.3333333333333333,0.6666666666666666,2.3333333333333335,0
2025/3/12 18:07:04,94秒,微信,,D. 18岁以上  ,B. 女,D. 4小时以上,A. 非常了解,A. 快手等短视频平台,A. 经常观看,D.其他,A. 非常喜欢,A. 是,15-18岁,A. 少于1小时,A. 经常,A. 搞笑类,A. 经常模仿,A. 是（如易怒、焦虑、抑郁）,A. 是,A. 是,A. 是,A. 是,A. 经常模仿,A. 是,A. 积极影响更多,A. 非常足够,A. 非常支持,A. 是,(空),(空),94,1,0,0,0,0,0,0,1,1,0,0,0,0,D,B,D,A,A,A,A,A,A,A,A,A,A,A,A,A,A,A,A,A,A,,1.0,1.0,1.0,1.0,1.0,1.0,5.0,0
2025/3/12 18:08:21,140秒,微信,,D. 18岁以上  ,A. 男,B. 1-2小时,C. 听说过但不了解,C. 新闻报道,C. 从未观看,A. 慢节奏生活（如手工、园艺等）,D. 不太喜欢,A. 是,15-18岁,D. 3小时以上,A. 经常,A. 搞笑类,C. 很少模仿,B. 否,B. 否,B. 否,B. 否,B. 否,D. 从不模仿,C. 不确定,B. 消极影响更多,C. 不够,A. 非常支持,B. 否,在青少年没有养成正确价值观时期，这样的文化，只会扭曲对于事件的理解与认知,严格监管,140,0,0,1,0,1,0,0,0,1,0,0,0,0,D,A,B,C,C,D,A,D,A,C,B,B,B,B,B,D,C,B,C,A,B,0.0,0.0,0.0,0.0,0.0,0.0,0.3333333333333333,0.0,0
2025/3/12 18:10:02,74秒,微信,,D. 18岁以上  ,B. 女,D. 4小时以上,B. 了解一些,A. 快手等短视频平台,C. 从未观看,B. 低俗或猎奇行为（如吃地果、擦边、未成年怀孕、老幼恋爱视频等）┋C. 负能量相关内容（死亡妆容、引导自残、自杀等内容）,E. 非常反感,A. 是,10岁以下,B. 1-2小时,C. 很少,A. 搞笑类,B. 偶尔模仿,C. 不确定,C. 不确定,C. 不确定,B. 否,C. 不确定,C. 很少模仿,A. 是,B. 消极影响更多,D. 完全不够,A. 非常支持,A. 是,不良引导,平台加强管制,74,1,0,0,0,0,1,1,0,1,0,0,0,0,D,B,D,B,C,E,A,B,C,B,C,C,C,B,C,C,A,B,D,A,A,0.5,0.5,0.5,0.0,0.5,0.3333333333333333,0.6666666666666666,2.3333333333333335,0
2025/3/12 18:13:10,328秒,微信,,C. 16-18岁  ,B. 女,C. 2-4小时,B. 了解一些,B. 朋友或同学,C. 从未观看,B. 低俗或猎奇行为（如吃地果、擦边、未成年怀孕、老幼恋爱视频等）,E. 非常反感,B. 否,,,,,,,,,,,,,B. 消极影响更多,D. 完全不够,A. 非常支持,C. 不确定,(空),(空),328,0,1,0,0,0,1,0,0,0,0,0,0,0,C,B,C,B,C,E,B,,,,,,,,,,,B,D,A,C,,,,,,,,0.0,0
2025/3/12 18:13:27,67秒,微信,,D. 18岁以上  ,B. 女,A. 少于1小时,C. 听说过但不了解,A. 快手等短视频平台┋B. 朋友或同学,C. 从未观看,B. 低俗或猎奇行为（如吃地果、擦边、未成年怀孕、老幼恋爱视频等）┋C. 负能量相关内容（死亡妆容、引导自残、自杀等内容）,E. 非常反感,A. 是,10岁以下,B. 1-2小时,B. 偶尔,B. 低俗类,A. 经常模仿,A. 是（如易怒、焦虑、抑郁）,A. 是,A. 是,A. 是,A. 是,A. 经常模仿,A. 是,B. 消极影响更多,D. 完全不够,A. 非常支持,A. 是,(空),(空),67,1,1,0,0,0,1,1,0,0,1,0,0,0,D,B,A,C,C,E,A,B,B,A,A,A,A,A,A,A,A,B,D,A,A,,1.0,1.0,1.0,1.0,1.0,1.0,5.0,0
2025/3/12 18:15:27,111秒,微信,,D. 18岁以上  ,A. 男,B. 1-2小时,B. 了解一些,A. 快手等短视频平台,B. 偶尔观看,A. 慢节奏生活（如手工、园艺等）,D. 不太喜欢,A. 是,13-15岁,D. 3小时以上,A. 经常,D. 生活类,A. 经常模仿,B. 否,B. 否,B. 否,B. 否,B. 否,B. 偶尔模仿,B. 否,B. 消极影响更多,B. 比较足够,A. 非常支持,A. 是,无,无,111,1,0,0,0,1,0,0,0,0,0,0,1,0,D,A,B,B,B,D,A,D,A,A,B,B,B,B,B,B,B,B,B,A,A,0.0,0.0,0.0,0.0,0.0,0.6666666666666666,1.0,0.6666666666666666,0
2025/3/12 18:16:46,98秒,微信,,D. 18岁以上  ,B. 女,C. 2-4小时,A. 非常了解,A. 快手等短视频平台┋B. 朋友或同学,B. 偶尔观看,B. 低俗或猎奇行为（如吃地果、擦边、未成年怀孕、老幼恋爱视频等）┋C. 负能量相关内容（死亡妆容、引导自残、自杀等内容）,D. 不太喜欢,A. 是,15-18岁,D. 3小时以上,A. 经常,A. 搞笑类,A. 经常模仿,B. 否,B. 否,B. 否,B. 否,B. 否,D. 从不模仿,B. 否,C. 既有积极也有消极影响,C. 不够,A. 非常支持,A. 是,(空),(空),98,1,1,0,0,0,1,1,0,1,0,0,0,0,D,B,C,A,B,D,A,D,A,A,B,B,B,B,B,D,B,C,C,A,A,0.0,0.0,0.0,0.0,0.0,0.0,1.0,0.0,0
2025/3/12 18:16:57,80秒,微信,,D. 18岁以上  ,B. 女,A. 少于1小时,C. 听说过但不了解,A. 快手等短视频平台,C. 从未观看,A. 慢节奏生活（如手工、园艺等）,C. 中立,A. 是,10岁以下,A. 少于1小时,C. 很少,A. 搞笑类,B. 偶尔模仿,C. 不确定,B. 否,B. 否,B. 否,B. 否,C. 很少模仿,B. 否,C. 既有积极也有消极影响,C. 不够,A. 非常支持,A. 是,(空),(空),80,1,0,0,0,1,0,0,0,1,0,0,0,0,D,B,A,C,C,C,A,A,C,B,C,B,B,B,B,C,B,C,C,A,A,0.5,0.0,0.0,0.0,0.0,0.3333333333333333,0.6666666666666666,0.8333333333333333,0
2025/3/12 18:17:46,84秒,微信,,D. 18岁以上  ,A. 男,D. 4小时以上,C. 听说过但不了解,B. 朋友或同学,C. 从未观看,B. 低俗或猎奇行为（如吃地果、擦边、未成年怀孕、老幼恋爱视频等）┋C. 负能量相关内容（死亡妆容、引导自残、自杀等内容）,E. 非常反感,A. 是,10岁以下,D. 3小时以上,A. 经常,B. 低俗类,B. 偶尔模仿,A. 是（如易怒、焦虑、抑郁）,B. 否,B. 否,B. 否,A. 是,B. 偶尔模仿,A. 是,B. 消极影响更多,D. 完全不够,A. 非常支持,A. 是,(空),(空),84,0,1,0,0,0,1,1,0,0,1,0,0,0,D,A,D,C,C,E,A,D,A,B,A,B,B,B,A,B,A,B,D,A,A,,0.0,0.0,0.0,1.0,0.6666666666666666,0.6666666666666666,1.6666666666666665,0
2025/3/12 18:18:47,63秒,微信,,D. 18岁以上  ,B. 女,C. 2-4小时,C. 听说过但不了解,B. 朋友或同学,C. 从未观看,B. 低俗或猎奇行为（如吃地果、擦边、未成年怀孕、老幼恋爱视频等）,E. 非常反感,B. 否,,,,,,,,,,,,,B. 消极影响更多,C. 不够,A. 非常支持,A. 是,(空),(空),63,0,1,0,0,0,1,0,0,0,0,0,0,0,D,B,C,C,C,E,B,,,,,,,,,,,B,C,A,A,,,,,,,,0.0,0
2025/3/12 18:20:31,163秒,微信,,D. 18岁以上  ,B. 女,D. 4小时以上,B. 了解一些,A. 快手等短视频平台┋B. 朋友或同学,A. 经常观看,B. 低俗或猎奇行为（如吃地果、擦边、未成年怀孕、老幼恋爱视频等）┋C. 负能量相关内容（死亡妆容、引导自残、自杀等内容）,E. 非常反感,A. 是,15-18岁,C. 2-3小时,C. 很少,A. 搞笑类,B. 偶尔模仿,C. 不确定,C. 不确定,C. 不确定,A. 是,C. 不确定,C. 很少模仿,C. 不确定,B. 消极影响更多,D. 完全不够,A. 非常支持,A. 是,(空),(空),163,1,1,0,0,0,1,1,0,1,0,0,0,0,D,B,D,B,A,E,A,C,C,B,C,C,C,A,C,C,C,B,D,A,A,0.5,0.5,0.5,1.0,0.5,0.3333333333333333,0.6666666666666666,3.3333333333333335,0
2025/3/12 18:22:58,109秒,微信,,C. 16-18岁  ,B. 女,C. 2-4小时,B. 了解一些,A. 快手等短视频平台┋B. 朋友或同学,B. 偶尔观看,B. 低俗或猎奇行为（如吃地果、擦边、未成年怀孕、老幼恋爱视频等）┋C. 负能量相关内容（死亡妆容、引导自残、自杀等内容）,E. 非常反感,A. 是,10岁以下,C. 2-3小时,A. 经常,E.其他,B. 偶尔模仿,C. 不确定,C. 不确定,C. 不确定,C. 不确定,B. 否,B. 偶尔模仿,C. 不确定,B. 消极影响更多,C. 不够,A. 非常支持,C. 不确定,(空),(空),109,1,1,0,0,0,1,1,0,0,0,0,0,1,C,B,C,B,B,E,A,C,A,B,C,C,C,C,B,B,C,B,C,A,C,0.5,0.5,0.5,0.5,0.0,0.6666666666666666,0.6666666666666666,2.6666666666666665,0
2025/3/12 18:25:57,124秒,微信,,D. 18岁以上  ,B. 女,B. 1-2小时,B. 了解一些,B. 朋友或同学,B. 偶尔观看,B. 低俗或猎奇行为（如吃地果、擦边、未成年怀孕、老幼恋爱视频等）┋C. 负能量相关内容（死亡妆容、引导自残、自杀等内容）,C. 中立,A. 是,10-13岁,B. 1-2小时,B. 偶尔,D. 生活类,B. 偶尔模仿,B. 否,B. 否,C. 不确定,C. 不确定,C. 不确定,B. 偶尔模仿,B. 否,C. 既有积极也有消极影响,C. 不够,D. 无所谓,C. 不确定,(空),(空),124,0,1,0,0,0,1,1,0,0,0,0,1,0,D,B,B,B,B,C,A,B,B,B,B,B,C,C,C,B,B,C,C,D,C,0.0,0.0,0.5,0.5,0.5,0.6666666666666666,0.6666666666666666,2.1666666666666665,0
2025/3/12 18:26:05,99秒,微信,,D. 18岁以上  ,A. 男,C. 2-4小时,B. 了解一些,A. 快手等短视频平台,C. 从未观看,B. 低俗或猎奇行为（如吃地果、擦边、未成年怀孕、老幼恋爱视频等）┋C. 负能量相关内容（死亡妆容、引导自残、自杀等内容）,E. 非常反感,B. 否,,,,,,,,,,,,,B. 消极影响更多,D. 完全不够,A. 非常支持,B. 否,1,1,99,1,0,0,0,0,1,1,0,0,0,0,0,0,D,A,C,B,C,E,B,,,,,,,,,,,B,D,A,B,,,,,,,,0.0,0
2025/3/12 18:27:27,192秒,微信,,D. 18岁以上  ,B. 女,A. 少于1小时,B. 了解一些,A. 快手等短视频平台┋B. 朋友或同学,C. 从未观看,A. 慢节奏生活（如手工、园艺等）┋D.其他,E. 非常反感,B. 否,,,,,,,,,,,,,B. 消极影响更多,C. 不够,A. 非常支持,C. 不确定,(空),(空),192,1,1,0,0,1,0,0,1,0,0,0,0,0,D,B,A,B,C,E,B,,,,,,,,,,,B,C,A,C,,,,,,,,0.0,0
2025/3/12 18:27:44,111秒,微信,,D. 18岁以上  ,B. 女,B. 1-2小时,B. 了解一些,A. 快手等短视频平台┋B. 朋友或同学,B. 偶尔观看,A. 慢节奏生活（如手工、园艺等）,C. 中立,A. 是,13-15岁,A. 少于1小时,A. 经常,A. 搞笑类,B. 偶尔模仿,B. 否,B. 否,A. 是,A. 是,C. 不确定,C. 很少模仿,B. 否,C. 既有积极也有消极影响,B. 比较足够,D. 无所谓,A. 是,(空),(空),111,1,1,0,0,1,0,0,0,1,0,0,0,0,D,B,B,B,B,C,A,A,A,B,B,B,A,A,C,C,B,C,B,D,A,0.0,0.0,1.0,1.0,0.5,0.3333333333333333,0.6666666666666666,2.8333333333333335,0
2025/3/12 18:28:34,61秒,微信,,D. 18岁以上  ,A. 男,A. 少于1小时,B. 了解一些,A. 快手等短视频平台┋C. 新闻报道,B. 偶尔观看,B. 低俗或猎奇行为（如吃地果、擦边、未成年怀孕、老幼恋爱视频等）┋C. 负能量相关内容（死亡妆容、引导自残、自杀等内容）,D. 不太喜欢,A. 是,10-13岁,B. 1-2小时,B. 偶尔,B. 低俗类,C. 很少模仿,C. 不确定,C. 不确定,C. 不确定,B. 否,C. 不确定,C. 很少模仿,C. 不确定,B. 消极影响更多,C. 不够,B. 比较支持,A. 是,(空),(空),61,1,0,1,0,0,1,1,0,0,1,0,0,0,D,A,A,B,B,D,A,B,B,C,C,C,C,B,C,C,C,B,C,B,A,0.5,0.5,0.5,0.0,0.5,0.3333333333333333,0.3333333333333333,2.3333333333333335,0
2025/3/12 18:28:43,103秒,微信,,D. 18岁以上  ,B. 女,B. 1-2小时,B. 了解一些,A. 快手等短视频平台┋C. 新闻报道,B. 偶尔观看,B. 低俗或猎奇行为（如吃地果、擦边、未成年怀孕、老幼恋爱视频等）,E. 非常反感,B. 否,,,,,,,,,,,,,B. 消极影响更多,D. 完全不够,A. 非常支持,C. 不确定,腐蚀思想，树立错误的价值观,不能过审此类短视频,103,1,0,1,0,0,1,0,0,0,0,0,0,0,D,B,B,B,B,E,B,,,,,,,,,,,B,D,A,C,,,,,,,,0.0,0
2025/3/12 18:29:59,121秒,微信,,D. 18岁以上  ,B. 女,C. 2-4小时,C. 听说过但不了解,A. 快手等短视频平台┋B. 朋友或同学┋C. 新闻报道,C. 从未观看,A. 慢节奏生活（如手工、园艺等）┋B. 低俗或猎奇行为（如吃地果、擦边、未成年怀孕、老幼恋爱视频等）┋C. 负能量相关内容（死亡妆容、引导自残、自杀等内容）,C. 中立,A. 是,13-15岁,C. 2-3小时,C. 很少,A. 搞笑类,A. 经常模仿,C. 不确定,B. 否,C. 不确定,C. 不确定,C. 不确定,B. 偶尔模仿,B. 否,C. 既有积极也有消极影响,C. 不够,A. 非常支持,C. 不确定,(空),(空),121,1,1,1,0,1,1,1,0,1,0,0,0,0,D,B,C,C,C,C,A,C,C,A,C,B,C,C,C,B,B,C,C,A,C,0.5,0.0,0.5,0.5,0.5,0.6666666666666666,1.0,2.6666666666666665,0
2025/3/12 18:32:36,186秒,微信,,D. 18岁以上  ,B. 女,B. 1-2小时,D. 完全不了解,D. 其他（请注明）〖调查问卷〗,C. 从未观看,A. 慢节奏生活（如手工、园艺等）,B. 比较喜欢,A. 是,15-18岁,C. 2-3小时,B. 偶尔,A. 搞笑类,C. 很少模仿,B. 否,B. 否,B. 否,B. 否,B. 否,B. 偶尔模仿,B. 否,B. 消极影响更多,B. 比较足够,B. 比较支持,B. 否,无,无,186,0,0,0,1,1,0,0,0,1,0,0,0,0,D,B,B,D,C,B,A,C,B,C,B,B,B,B,B,B,B,B,B,B,B,0.0,0.0,0.0,0.0,0.0,0.6666666666666666,0.3333333333333333,0.6666666666666666,1
2025/3/12 18:32:47,82秒,微信,,D. 18岁以上  ,B. 女,A. 少于1小时,D. 完全不了解,B. 朋友或同学,C. 从未观看,B. 低俗或猎奇行为（如吃地果、擦边、未成年怀孕、老幼恋爱视频等）┋C. 负能量相关内容（死亡妆容、引导自残、自杀等内容）,C. 中立,B. 否,,,,,,,,,,,,,C. 既有积极也有消极影响,C. 不够,B. 比较支持,A. 是,(空),(空),82,0,1,0,0,0,1,1,0,0,0,0,0,0,D,B,A,D,C,C,B,,,,,,,,,,,C,C,B,A,,,,,,,,0.0,0
2025/3/12 18:34:50,76秒,微信,,D. 18岁以上  ,B. 女,B. 1-2小时,D. 完全不了解,A. 快手等短视频平台,C. 从未观看,D.其他,C. 中立,A. 是,15-18岁,C. 2-3小时,B. 偶尔,C. 正能量类,B. 偶尔模仿,B. 否,B. 否,A. 是,B. 否,C. 不确定,C. 很少模仿,B. 否,C. 既有积极也有消极影响,C. 不够,A. 非常支持,B. 否,(空),(空),76,1,0,0,0,0,0,0,1,0,0,1,0,0,D,B,B,D,C,C,A,C,B,B,B,B,A,B,C,C,B,C,C,A,B,0.0,0.0,1.0,0.0,0.5,0.3333333333333333,0.6666666666666666,1.8333333333333333,0
2025/3/12 18:34:51,128秒,微信,,D. 18岁以上  ,B. 女,D. 4小时以上,B. 了解一些,A. 快手等短视频平台┋C. 新闻报道,C. 从未观看,B. 低俗或猎奇行为（如吃地果、擦边、未成年怀孕、老幼恋爱视频等）┋C. 负能量相关内容（死亡妆容、引导自残、自杀等内容）,E. 非常反感,A. 是,13-15岁,C. 2-3小时,B. 偶尔,D. 生活类,C. 很少模仿,B. 否,B. 否,B. 否,B. 否,A. 是,C. 很少模仿,A. 是,B. 消极影响更多,D. 完全不够,A. 非常支持,B. 否,(空),(空),128,1,0,1,0,0,1,1,0,0,0,0,1,0,D,B,D,B,C,E,A,C,B,C,B,B,B,B,A,C,A,B,D,A,B,0.0,0.0,0.0,0.0,1.0,0.3333333333333333,0.3333333333333333,1.3333333333333333,0
2025/3/12 18:35:16,134秒,微信,,D. 18岁以上  ,B. 女,B. 1-2小时,C. 听说过但不了解,C. 新闻报道,C. 从未观看,B. 低俗或猎奇行为（如吃地果、擦边、未成年怀孕、老幼恋爱视频等）,E. 非常反感,B. 否,,,,,,,,,,,,,B. 消极影响更多,C. 不够,B. 比较支持,B. 否,让很多不合理的行为潜移默化世界观还很混乱的青少年,ban＋传播优秀文化,134,0,0,1,0,0,1,0,0,0,0,0,0,0,D,B,B,C,C,E,B,,,,,,,,,,,B,C,B,B,,,,,,,,0.0,0
2025/3/12 18:35:16,97秒,微信,,D. 18岁以上  ,A. 男,A. 少于1小时,D. 完全不了解,D. 其他（请注明）〖这里〗,C. 从未观看,D.其他,C. 中立,A. 是,13-15岁,B. 1-2小时,C. 很少,E.其他,C. 很少模仿,B. 否,A. 是,A. 是,C. 不确定,B. 否,D. 从不模仿,B. 否,C. 既有积极也有消极影响,C. 不够,A. 非常支持,C. 不确定,(空),(空),97,0,0,0,1,0,0,0,1,0,0,0,0,1,D,A,A,D,C,C,A,B,C,C,B,A,A,C,B,D,B,C,C,A,C,0.0,1.0,1.0,0.5,0.0,0.0,0.3333333333333333,2.5,0
2025/3/12 18:35:45,105秒,微信,,D. 18岁以上  ,B. 女,B. 1-2小时,B. 了解一些,A. 快手等短视频平台┋B. 朋友或同学,C. 从未观看,B. 低俗或猎奇行为（如吃地果、擦边、未成年怀孕、老幼恋爱视频等）┋C. 负能量相关内容（死亡妆容、引导自残、自杀等内容）,D. 不太喜欢,B. 否,,,,,,,,,,,,,B. 消极影响更多,D. 完全不够,A. 非常支持,A. 是,容易跟风，影响三观形成,(空),105,1,1,0,0,0,1,1,0,0,0,0,0,0,D,B,B,B,C,D,B,,,,,,,,,,,B,D,A,A,,,,,,,,0.0,0
2025/3/12 18:40:37,66秒,微信,,D. 18岁以上  ,B. 女,B. 1-2小时,B. 了解一些,C. 新闻报道,C. 从未观看,B. 低俗或猎奇行为（如吃地果、擦边、未成年怀孕、老幼恋爱视频等）,E. 非常反感,B. 否,,,,,,,,,,,,,B. 消极影响更多,C. 不够,A. 非常支持,B. 否,(空),(空),66,0,0,1,0,0,1,0,0,0,0,0,0,0,D,B,B,B,C,E,B,,,,,,,,,,,B,C,A,B,,,,,,,,0.0,0
2025/3/12 18:42:18,182秒,微信,,D. 18岁以上  ,B. 女,B. 1-2小时,C. 听说过但不了解,A. 快手等短视频平台┋B. 朋友或同学┋C. 新闻报道,C. 从未观看,A. 慢节奏生活（如手工、园艺等）,C. 中立,A. 是,10-13岁,B. 1-2小时,B. 偶尔,A. 搞笑类,B. 偶尔模仿,B. 否,B. 否,B. 否,A. 是,C. 不确定,C. 很少模仿,B. 否,C. 既有积极也有消极影响,C. 不够,A. 非常支持,B. 否,使用手机的频率增加,多一些积极正能量的内容,182,1,1,1,0,1,0,0,0,1,0,0,0,0,D,B,B,C,C,C,A,B,B,B,B,B,B,A,C,C,B,C,C,A,B,0.0,0.0,0.0,1.0,0.5,0.3333333333333333,0.6666666666666666,1.8333333333333333,0
2025/3/12 18:43:18,91秒,微信,,D. 18岁以上  ,B. 女,A. 少于1小时,C. 听说过但不了解,A. 快手等短视频平台┋B. 朋友或同学,C. 从未观看,A. 慢节奏生活（如手工、园艺等）,D. 不太喜欢,B. 否,,,,,,,,,,,,,B. 消极影响更多,C. 不够,A. 非常支持,C. 不确定,(空),(空),91,1,1,0,0,1,0,0,0,0,0,0,0,0,D,B,A,C,C,D,B,,,,,,,,,,,B,C,A,C,,,,,,,,0.0,0
2025/3/12 18:44:10,825秒,微信,,D. 18岁以上  ,B. 女,A. 少于1小时,B. 了解一些,A. 快手等短视频平台┋C. 新闻报道,B. 偶尔观看,A. 慢节奏生活（如手工、园艺等）,C. 中立,A. 是,13-15岁,B. 1-2小时,C. 很少,A. 搞笑类,B. 偶尔模仿,A. 是（如易怒、焦虑、抑郁）,B. 否,B. 否,C. 不确定,C. 不确定,B. 偶尔模仿,B. 否,C. 既有积极也有消极影响,B. 比较足够,B. 比较支持,B. 否,(空),(空),825,1,0,1,0,1,0,0,0,1,0,0,0,0,D,B,A,B,B,C,A,B,C,B,A,B,B,C,C,B,B,C,B,B,B,,0.0,0.0,0.5,0.5,0.6666666666666666,0.6666666666666666,1.6666666666666665,0
2025/3/12 18:46:49,114秒,微信,,D. 18岁以上  ,B. 女,A. 少于1小时,B. 了解一些,A. 快手等短视频平台,B. 偶尔观看,B. 低俗或猎奇行为（如吃地果、擦边、未成年怀孕、老幼恋爱视频等）┋C. 负能量相关内容（死亡妆容、引导自残、自杀等内容）,E. 非常反感,B. 否,,,,,,,,,,,,,B. 消极影响更多,D. 完全不够,A. 非常支持,A. 是,价值观的不正确,软件加强监管,114,1,0,0,0,0,1,1,0,0,0,0,0,0,D,B,A,B,B,E,B,,,,,,,,,,,B,D,A,A,,,,,,,,0.0,0
2025/3/12 18:47:37,75秒,微信,,D. 18岁以上  ,B. 女,A. 少于1小时,C. 听说过但不了解,A. 快手等短视频平台,C. 从未观看,D.其他,D. 不太喜欢,B. 否,,,,,,,,,,,,,C. 既有积极也有消极影响,C. 不够,B. 比较支持,B. 否,(空),(空),75,1,0,0,0,0,0,0,1,0,0,0,0,0,D,B,A,C,C,D,B,,,,,,,,,,,C,C,B,B,,,,,,,,0.0,0
2025/3/12 18:48:53,115秒,微信,,D. 18岁以上  ,B. 女,D. 4小时以上,C. 听说过但不了解,A. 快手等短视频平台┋B. 朋友或同学,B. 偶尔观看,B. 低俗或猎奇行为（如吃地果、擦边、未成年怀孕、老幼恋爱视频等）,D. 不太喜欢,A. 是,10岁以下,B. 1-2小时,C. 很少,A. 搞笑类,B. 偶尔模仿,C. 不确定,B. 否,A. 是,A. 是,C. 不确定,B. 偶尔模仿,B. 否,C. 既有积极也有消极影响,C. 不够,A. 非常支持,A. 是,造成不好的价值观,平台加强管理,115,1,1,0,0,0,1,0,0,1,0,0,0,0,D,B,D,C,B,D,A,B,C,B,C,B,A,A,C,B,B,C,C,A,A,0.5,0.0,1.0,1.0,0.5,0.6666666666666666,0.6666666666666666,3.6666666666666665,0
2025/3/12 18:55:41,194秒,微信,,D. 18岁以上  ,B. 女,A. 少于1小时,D. 完全不了解,B. 朋友或同学,B. 偶尔观看,A. 慢节奏生活（如手工、园艺等）┋B. 低俗或猎奇行为（如吃地果、擦边、未成年怀孕、老幼恋爱视频等）,D. 不太喜欢,A. 是,15-18岁,B. 1-2小时,B. 偶尔,E.其他〖cosplay〗,B. 偶尔模仿,B. 否,B. 否,B. 否,B. 否,B. 否,B. 偶尔模仿,C. 不确定,C. 既有积极也有消极影响,C. 不够,A. 非常支持,A. 是,不积极向上,难,194,0,1,0,0,1,1,0,0,0,0,0,0,1,D,B,A,D,B,D,A,B,B,B,B,B,B,B,B,B,C,C,C,A,A,0.0,0.0,0.0,0.0,0.0,0.6666666666666666,0.6666666666666666,0.6666666666666666,0
2025/3/12 18:55:41,159秒,微信,,D. 18岁以上  ,B. 女,A. 少于1小时,B. 了解一些,A. 快手等短视频平台┋B. 朋友或同学,B. 偶尔观看,B. 低俗或猎奇行为（如吃地果、擦边、未成年怀孕、老幼恋爱视频等）┋C. 负能量相关内容（死亡妆容、引导自残、自杀等内容）,D. 不太喜欢,A. 是,13-15岁,C. 2-3小时,B. 偶尔,E.其他〖游戏类〗,B. 偶尔模仿,C. 不确定,B. 否,A. 是,C. 不确定,C. 不确定,B. 偶尔模仿,A. 是,B. 消极影响更多,C. 不够,A. 非常支持,A. 是,难以形成正确三观,加强监管,159,1,1,0,0,0,1,1,0,0,0,0,0,1,D,B,A,B,B,D,A,C,B,B,C,B,A,C,C,B,A,B,C,A,A,0.5,0.0,1.0,0.5,0.5,0.6666666666666666,0.6666666666666666,3.1666666666666665,0
2025/3/12 18:57:14,158秒,微信,,D. 18岁以上  ,B. 女,D. 4小时以上,C. 听说过但不了解,A. 快手等短视频平台,C. 从未观看,B. 低俗或猎奇行为（如吃地果、擦边、未成年怀孕、老幼恋爱视频等）┋C. 负能量相关内容（死亡妆容、引导自残、自杀等内容）,E. 非常反感,A. 是,10-13岁,D. 3小时以上,B. 偶尔,E.其他〖游戏类〗,A. 经常模仿,A. 是（如易怒、焦虑、抑郁）,A. 是,A. 是,A. 是,B. 否,B. 偶尔模仿,A. 是,B. 消极影响更多,C. 不够,A. 非常支持,A. 是,价值观,加强监管,158,1,0,0,0,0,1,1,0,0,0,0,0,1,D,B,D,C,C,E,A,D,B,A,A,A,A,A,B,B,A,B,C,A,A,,1.0,1.0,1.0,0.0,0.6666666666666666,1.0,3.6666666666666665,0
2025/3/12 18:58:28,114秒,微信,,D. 18岁以上  ,A. 男,C. 2-4小时,B. 了解一些,A. 快手等短视频平台┋B. 朋友或同学┋C. 新闻报道,B. 偶尔观看,B. 低俗或猎奇行为（如吃地果、擦边、未成年怀孕、老幼恋爱视频等）┋C. 负能量相关内容（死亡妆容、引导自残、自杀等内容）,E. 非常反感,A. 是,10-13岁,D. 3小时以上,B. 偶尔,A. 搞笑类,B. 偶尔模仿,C. 不确定,C. 不确定,A. 是,C. 不确定,A. 是,C. 很少模仿,B. 否,C. 既有积极也有消极影响,C. 不够,B. 比较支持,A. 是,(空),(空),114,1,1,1,0,0,1,1,0,1,0,0,0,0,D,A,C,B,B,E,A,D,B,B,C,C,A,C,A,C,B,C,C,B,A,0.5,0.5,1.0,0.5,1.0,0.3333333333333333,0.6666666666666666,3.8333333333333335,0
2025/3/12 19:00:36,113秒,微信,,D. 18岁以上  ,B. 女,A. 少于1小时,D. 完全不了解,D. 其他（请注明）,C. 从未观看,D.其他,C. 中立,A. 是,13-15岁,C. 2-3小时,C. 很少,E.其他,A. 经常模仿,C. 不确定,C. 不确定,C. 不确定,C. 不确定,C. 不确定,A. 经常模仿,C. 不确定,C. 既有积极也有消极影响,C. 不够,A. 非常支持,C. 不确定,(空),(空),113,0,0,0,1,0,0,0,1,0,0,0,0,1,D,B,A,D,C,C,A,C,C,A,C,C,C,C,C,A,C,C,C,A,C,0.5,0.5,0.5,0.5,0.5,1.0,1.0,3.5,0
2025/3/12 19:01:39,89秒,微信,,D. 18岁以上  ,B. 女,A. 少于1小时,D. 完全不了解,B. 朋友或同学,B. 偶尔观看,A. 慢节奏生活（如手工、园艺等）,E. 非常反感,A. 是,13-15岁,B. 1-2小时,B. 偶尔,B. 低俗类,A. 经常模仿,A. 是（如易怒、焦虑、抑郁）,A. 是,A. 是,A. 是,A. 是,A. 经常模仿,A. 是,B. 消极影响更多,A. 非常足够,A. 非常支持,A. 是,(空),(空),89,0,1,0,0,1,0,0,0,0,1,0,0,0,D,B,A,D,B,E,A,B,B,A,A,A,A,A,A,A,A,B,A,A,A,,1.0,1.0,1.0,1.0,1.0,1.0,5.0,0
2025/3/12 19:02:34,108秒,微信,,D. 18岁以上  ,A. 男,A. 少于1小时,B. 了解一些,C. 新闻报道,C. 从未观看,B. 低俗或猎奇行为（如吃地果、擦边、未成年怀孕、老幼恋爱视频等）┋C. 负能量相关内容（死亡妆容、引导自残、自杀等内容）,E. 非常反感,B. 否,,,,,,,,,,,,,B. 消极影响更多,C. 不够,A. 非常支持,A. 是,影响身心健康,减少相关话题出现,108,0,0,1,0,0,1,1,0,0,0,0,0,0,D,A,A,B,C,E,B,,,,,,,,,,,B,C,A,A,,,,,,,,0.0,0
2025/3/12 19:03:00,156秒,微信,,C. 16-18岁  ,B. 女,B. 1-2小时,B. 了解一些,A. 快手等短视频平台┋B. 朋友或同学,B. 偶尔观看,B. 低俗或猎奇行为（如吃地果、擦边、未成年怀孕、老幼恋爱视频等）,E. 非常反感,A. 是,10-13岁,B. 1-2小时,A. 经常,A. 搞笑类,A. 经常模仿,C. 不确定,B. 否,A. 是,B. 否,A. 是,B. 偶尔模仿,C. 不确定,B. 消极影响更多,D. 完全不够,A. 非常支持,A. 是,价值观上的扭曲，例如未成年🔞怀孕，夸张的妆容,加强监管，激进一点,156,1,1,0,0,0,1,0,0,1,0,0,0,0,C,B,B,B,B,E,A,B,A,A,C,B,A,B,A,B,C,B,D,A,A,0.5,0.0,1.0,0.0,1.0,0.6666666666666666,1.0,3.1666666666666665,0
2025/3/12 19:03:35,138秒,微信,,C. 16-18岁  ,B. 女,B. 1-2小时,B. 了解一些,C. 新闻报道,C. 从未观看,B. 低俗或猎奇行为（如吃地果、擦边、未成年怀孕、老幼恋爱视频等）┋C. 负能量相关内容（死亡妆容、引导自残、自杀等内容）,E. 非常反感,A. 是,15-18岁,C. 2-3小时,B. 偶尔,D. 生活类,C. 很少模仿,B. 否,B. 否,B. 否,B. 否,B. 否,D. 从不模仿,B. 否,B. 消极影响更多,C. 不够,A. 非常支持,A. 是,影响价值观,网络监管,138,0,0,1,0,0,1,1,0,0,0,0,1,0,C,B,B,B,C,E,A,C,B,C,B,B,B,B,B,D,B,B,C,A,A,0.0,0.0,0.0,0.0,0.0,0.0,0.3333333333333333,0.0,0
2025/3/12 19:04:49,106秒,微信,,D. 18岁以上  ,B. 女,A. 少于1小时,B. 了解一些,A. 快手等短视频平台,B. 偶尔观看,B. 低俗或猎奇行为（如吃地果、擦边、未成年怀孕、老幼恋爱视频等）,D. 不太喜欢,A. 是,10-13岁,D. 3小时以上,B. 偶尔,A. 搞笑类,B. 偶尔模仿,A. 是（如易怒、焦虑、抑郁）,A. 是,A. 是,A. 是,C. 不确定,B. 偶尔模仿,A. 是,B. 消极影响更多,C. 不够,A. 非常支持,C. 不确定,(空),(空),106,1,0,0,0,0,1,0,0,1,0,0,0,0,D,B,A,B,B,D,A,D,B,B,A,A,A,A,C,B,A,B,C,A,C,,1.0,1.0,1.0,0.5,0.6666666666666666,0.6666666666666666,4.166666666666667,0
2025/3/12 19:07:02,67秒,微信,,D. 18岁以上  ,B. 女,A. 少于1小时,B. 了解一些,A. 快手等短视频平台,C. 从未观看,B. 低俗或猎奇行为（如吃地果、擦边、未成年怀孕、老幼恋爱视频等）,E. 非常反感,B. 否,,,,,,,,,,,,,B. 消极影响更多,D. 完全不够,A. 非常支持,B. 否,(空),(空),67,1,0,0,0,0,1,0,0,0,0,0,0,0,D,B,A,B,C,E,B,,,,,,,,,,,B,D,A,B,,,,,,,,0.0,0
2025/3/12 19:20:57,114秒,微信,,D. 18岁以上  ,B. 女,C. 2-4小时,A. 非常了解,A. 快手等短视频平台┋B. 朋友或同学,B. 偶尔观看,B. 低俗或猎奇行为（如吃地果、擦边、未成年怀孕、老幼恋爱视频等）┋C. 负能量相关内容（死亡妆容、引导自残、自杀等内容）,E. 非常反感,A. 是,15-18岁,C. 2-3小时,A. 经常,C. 正能量类,B. 偶尔模仿,B. 否,B. 否,B. 否,B. 否,B. 否,D. 从不模仿,B. 否,B. 消极影响更多,D. 完全不够,A. 非常支持,C. 不确定,很多人跟风拍低俗擦边视频 影响青少年身心健康,暂无,114,1,1,0,0,0,1,1,0,0,0,1,0,0,D,B,C,A,B,E,A,C,A,B,B,B,B,B,B,D,B,B,D,A,C,0.0,0.0,0.0,0.0,0.0,0.0,0.6666666666666666,0.0,0
2025/3/12 19:25:47,169秒,微信,,D. 18岁以上  ,B. 女,A. 少于1小时,B. 了解一些,B. 朋友或同学┋D. 其他（请注明）〖公众号〗,C. 从未观看,B. 低俗或猎奇行为（如吃地果、擦边、未成年怀孕、老幼恋爱视频等）┋C. 负能量相关内容（死亡妆容、引导自残、自杀等内容）,E. 非常反感,A. 是,10-13岁,B. 1-2小时,B. 偶尔,E.其他,A. 经常模仿,A. 是（如易怒、焦虑、抑郁）,C. 不确定,A. 是,C. 不确定,A. 是,B. 偶尔模仿,A. 是,B. 消极影响更多,C. 不够,A. 非常支持,A. 是,影响青少年身心健康发展，扭曲青少年的三观,(空),169,0,1,0,1,0,1,1,0,0,0,0,0,1,D,B,A,B,C,E,A,B,B,A,A,C,A,C,A,B,A,B,C,A,A,,0.5,1.0,0.5,1.0,0.6666666666666666,1.0,3.6666666666666665,0
2025/3/12 19:26:27,74秒,微信,,D. 18岁以上  ,B. 女,A. 少于1小时,C. 听说过但不了解,A. 快手等短视频平台,B. 偶尔观看,B. 低俗或猎奇行为（如吃地果、擦边、未成年怀孕、老幼恋爱视频等）,D. 不太喜欢,B. 否,,,,,,,,,,,,,B. 消极影响更多,C. 不够,A. 非常支持,A. 是,(空),(空),74,1,0,0,0,0,1,0,0,0,0,0,0,0,D,B,A,C,B,D,B,,,,,,,,,,,B,C,A,A,,,,,,,,0.0,0
2025/3/12 19:27:06,153秒,微信,,C. 16-18岁  ,A. 男,A. 少于1小时,B. 了解一些,D. 其他（请注明）〖不太了解〗,C. 从未观看,B. 低俗或猎奇行为（如吃地果、擦边、未成年怀孕、老幼恋爱视频等）┋C. 负能量相关内容（死亡妆容、引导自残、自杀等内容）,E. 非常反感,B. 否,,,,,,,,,,,,,C. 既有积极也有消极影响,C. 不够,A. 非常支持,A. 是,影响观念，影响注意力的集中能力,大家能自觉不接受，慢慢这种文化可能就会消失了,153,0,0,0,1,0,1,1,0,0,0,0,0,0,C,A,A,B,C,E,B,,,,,,,,,,,C,C,A,A,,,,,,,,0.0,0
2025/3/12 19:27:25,354秒,微信,,D. 18岁以上  ,A. 男,A. 少于1小时,D. 完全不了解,B. 朋友或同学,C. 从未观看,D.其他,C. 中立,A. 是,15-18岁,A. 少于1小时,D. 从不,E.其他,B. 偶尔模仿,C. 不确定,C. 不确定,C. 不确定,C. 不确定,C. 不确定,B. 偶尔模仿,B. 否,C. 既有积极也有消极影响,B. 比较足够,B. 比较支持,C. 不确定,(空),(空),354,0,1,0,0,0,0,0,1,0,0,0,0,1,D,A,A,D,C,C,A,A,D,B,C,C,C,C,C,B,B,C,B,B,C,0.5,0.5,0.5,0.5,0.5,0.6666666666666666,0.6666666666666666,3.1666666666666665,0
2025/3/12 19:37:07,586秒,微信,,D. 18岁以上  ,B. 女,A. 少于1小时,B. 了解一些,A. 快手等短视频平台┋B. 朋友或同学┋C. 新闻报道,A. 经常观看,B. 低俗或猎奇行为（如吃地果、擦边、未成年怀孕、老幼恋爱视频等）┋C. 负能量相关内容（死亡妆容、引导自残、自杀等内容）,E. 非常反感,A. 是,15-18岁,B. 1-2小时,B. 偶尔,A. 搞笑类,B. 偶尔模仿,A. 是（如易怒、焦虑、抑郁）,A. 是,A. 是,A. 是,A. 是,B. 偶尔模仿,A. 是,B. 消极影响更多,D. 完全不够,A. 非常支持,A. 是,人生观，价值观，世界观,多发一些积极的，正能量的,586,1,1,1,0,0,1,1,0,1,0,0,0,0,D,B,A,B,A,E,A,B,B,B,A,A,A,A,A,B,A,B,D,A,A,,1.0,1.0,1.0,1.0,0.6666666666666666,0.6666666666666666,4.666666666666667,0
2025/3/12 19:37:58,61秒,微信,,D. 18岁以上  ,B. 女,B. 1-2小时,C. 听说过但不了解,A. 快手等短视频平台,B. 偶尔观看,B. 低俗或猎奇行为（如吃地果、擦边、未成年怀孕、老幼恋爱视频等）┋C. 负能量相关内容（死亡妆容、引导自残、自杀等内容）,E. 非常反感,B. 否,,,,,,,,,,,,,B. 消极影响更多,C. 不够,A. 非常支持,C. 不确定,(空),(空),61,1,0,0,0,0,1,1,0,0,0,0,0,0,D,B,B,C,B,E,B,,,,,,,,,,,B,C,A,C,,,,,,,,0.0,0
2025/3/12 19:38:19,121秒,微信,,D. 18岁以上  ,B. 女,C. 2-4小时,C. 听说过但不了解,A. 快手等短视频平台┋B. 朋友或同学┋C. 新闻报道,B. 偶尔观看,A. 慢节奏生活（如手工、园艺等）┋B. 低俗或猎奇行为（如吃地果、擦边、未成年怀孕、老幼恋爱视频等）,B. 比较喜欢,A. 是,15-18岁,B. 1-2小时,B. 偶尔,A. 搞笑类,B. 偶尔模仿,C. 不确定,B. 否,B. 否,B. 否,C. 不确定,C. 很少模仿,B. 否,C. 既有积极也有消极影响,B. 比较足够,B. 比较支持,C. 不确定,没有,没有,121,1,1,1,0,1,1,0,0,1,0,0,0,0,D,B,C,C,B,B,A,B,B,B,C,B,B,B,C,C,B,C,B,B,C,0.5,0.0,0.0,0.0,0.5,0.3333333333333333,0.6666666666666666,1.3333333333333333,0
2025/3/12 19:38:38,94秒,微信,,C. 16-18岁  ,B. 女,A. 少于1小时,B. 了解一些,A. 快手等短视频平台,B. 偶尔观看,B. 低俗或猎奇行为（如吃地果、擦边、未成年怀孕、老幼恋爱视频等）┋C. 负能量相关内容（死亡妆容、引导自残、自杀等内容）,E. 非常反感,A. 是,15-18岁,C. 2-3小时,B. 偶尔,B. 低俗类,C. 很少模仿,C. 不确定,C. 不确定,C. 不确定,A. 是,C. 不确定,B. 偶尔模仿,B. 否,B. 消极影响更多,D. 完全不够,A. 非常支持,C. 不确定,无,无,94,1,0,0,0,0,1,1,0,0,1,0,0,0,C,B,A,B,B,E,A,C,B,C,C,C,C,A,C,B,B,B,D,A,C,0.5,0.5,0.5,1.0,0.5,0.6666666666666666,0.3333333333333333,3.6666666666666665,1
2025/3/12 19:45:06,84秒,微信,,D. 18岁以上  ,B. 女,A. 少于1小时,B. 了解一些,B. 朋友或同学,C. 从未观看,B. 低俗或猎奇行为（如吃地果、擦边、未成年怀孕、老幼恋爱视频等）┋C. 负能量相关内容（死亡妆容、引导自残、自杀等内容）,E. 非常反感,A. 是,10-13岁,B. 1-2小时,B. 偶尔,A. 搞笑类,B. 偶尔模仿,C. 不确定,B. 否,A. 是,A. 是,A. 是,B. 偶尔模仿,A. 是,B. 消极影响更多,D. 完全不够,A. 非常支持,A. 是,(空),(空),84,0,1,0,0,0,1,1,0,1,0,0,0,0,D,B,A,B,C,E,A,B,B,B,C,B,A,A,A,B,A,B,D,A,A,0.5,0.0,1.0,1.0,1.0,0.6666666666666666,0.6666666666666666,4.166666666666667,0
2025/3/12 19:46:49,150秒,微信,,D. 18岁以上  ,B. 女,C. 2-4小时,B. 了解一些,A. 快手等短视频平台┋B. 朋友或同学,B. 偶尔观看,A. 慢节奏生活（如手工、园艺等）,C. 中立,A. 是,10岁以下,C. 2-3小时,B. 偶尔,B. 低俗类,A. 经常模仿,A. 是（如易怒、焦虑、抑郁）,C. 不确定,C. 不确定,A. 是,C. 不确定,B. 偶尔模仿,A. 是,C. 既有积极也有消极影响,B. 比较足够,B. 比较支持,C. 不确定,是扭曲价值观，影响身心健康和学业发展,加强监管，清理低俗内容；倡导正能量，鼓励创作积极健康、有教育意义的作品,150,1,1,0,0,1,0,0,0,0,1,0,0,0,D,B,C,B,B,C,A,C,B,A,A,C,C,A,C,B,A,C,B,B,C,,0.5,0.5,1.0,0.5,0.6666666666666666,1.0,3.1666666666666665,0
2025/3/12 19:47:04,237秒,微信,,C. 16-18岁  ,B. 女,C. 2-4小时,B. 了解一些,A. 快手等短视频平台┋B. 朋友或同学,B. 偶尔观看,A. 慢节奏生活（如手工、园艺等）┋B. 低俗或猎奇行为（如吃地果、擦边、未成年怀孕、老幼恋爱视频等）┋C. 负能量相关内容（死亡妆容、引导自残、自杀等内容）,D. 不太喜欢,A. 是,13-15岁,C. 2-3小时,B. 偶尔,B. 低俗类,B. 偶尔模仿,A. 是（如易怒、焦虑、抑郁）,A. 是,A. 是,A. 是,C. 不确定,B. 偶尔模仿,B. 否,B. 消极影响更多,C. 不够,A. 非常支持,A. 是,破坏价值观,平台屏蔽,237,1,1,0,0,1,1,1,0,0,1,0,0,0,C,B,C,B,B,D,A,C,B,B,A,A,A,A,C,B,B,B,C,A,A,,1.0,1.0,1.0,0.5,0.6666666666666666,0.6666666666666666,4.166666666666667,0
2025/3/12 19:53:00,174秒,微信,,D. 18岁以上  ,A. 男,C. 2-4小时,D. 完全不了解,B. 朋友或同学,C. 从未观看,D.其他,E. 非常反感,B. 否,,,,,,,,,,,,,B. 消极影响更多,B. 比较足够,A. 非常支持,C. 不确定,(空),(空),174,0,1,0,0,0,0,0,1,0,0,0,0,0,D,A,C,D,C,E,B,,,,,,,,,,,B,B,A,C,,,,,,,,0.0,0
2025/3/12 19:57:15,225秒,微信,,D. 18岁以上  ,A. 男,C. 2-4小时,D. 完全不了解,B. 朋友或同学,B. 偶尔观看,D.其他,E. 非常反感,A. 是,15-18岁,B. 1-2小时,B. 偶尔,E.其他,B. 偶尔模仿,C. 不确定,B. 否,B. 否,C. 不确定,B. 否,D. 从不模仿,B. 否,B. 消极影响更多,C. 不够,A. 非常支持,C. 不确定,(空),(空),225,0,1,0,0,0,0,0,1,0,0,0,0,1,D,A,C,D,B,E,A,B,B,B,C,B,B,C,B,D,B,B,C,A,C,0.5,0.0,0.0,0.5,0.0,0.0,0.6666666666666666,1.0,0
2025/3/12 20:00:29,93秒,微信,,D. 18岁以上  ,A. 男,D. 4小时以上,C. 听说过但不了解,D. 其他（请注明）,C. 从未观看,D.其他,D. 不太喜欢,A. 是,13-15岁,C. 2-3小时,C. 很少,A. 搞笑类,C. 很少模仿,B. 否,C. 不确定,C. 不确定,B. 否,B. 否,C. 很少模仿,B. 否,C. 既有积极也有消极影响,C. 不够,B. 比较支持,A. 是,(空),(空),93,0,0,0,1,0,0,0,1,1,0,0,0,0,D,A,D,C,C,D,A,C,C,C,B,C,C,B,B,C,B,C,C,B,A,0.0,0.5,0.5,0.0,0.0,0.3333333333333333,0.3333333333333333,1.3333333333333333,0
2025/3/12 20:00:30,122秒,微信,,D. 18岁以上  ,B. 女,B. 1-2小时,C. 听说过但不了解,A. 快手等短视频平台┋B. 朋友或同学,C. 从未观看,A. 慢节奏生活（如手工、园艺等）,D. 不太喜欢,A. 是,13-15岁,A. 少于1小时,B. 偶尔,A. 搞笑类,C. 很少模仿,B. 否,B. 否,B. 否,B. 否,C. 不确定,C. 很少模仿,A. 是,C. 既有积极也有消极影响,C. 不够,A. 非常支持,C. 不确定,(空),(空),122,1,1,0,0,1,0,0,0,1,0,0,0,0,D,B,B,C,C,D,A,A,B,C,B,B,B,B,C,C,A,C,C,A,C,0.0,0.0,0.0,0.0,0.5,0.3333333333333333,0.3333333333333333,0.8333333333333333,0
2025/3/12 20:00:55,151秒,微信,,D. 18岁以上  ,A. 男,A. 少于1小时,C. 听说过但不了解,A. 快手等短视频平台┋B. 朋友或同学,B. 偶尔观看,A. 慢节奏生活（如手工、园艺等）,D. 不太喜欢,A. 是,13-15岁,B. 1-2小时,C. 很少,A. 搞笑类,B. 偶尔模仿,B. 否,B. 否,A. 是,A. 是,C. 不确定,B. 偶尔模仿,A. 是,C. 既有积极也有消极影响,D. 完全不够,B. 比较支持,A. 是,完美的自我主义倾向和更在乎他人的看法,根源上,151,1,1,0,0,1,0,0,0,1,0,0,0,0,D,A,A,C,B,D,A,B,C,B,B,B,A,A,C,B,A,C,D,B,A,0.0,0.0,1.0,1.0,0.5,0.6666666666666666,0.6666666666666666,3.1666666666666665,0
2025/3/12 20:02:33,110秒,微信,,D. 18岁以上  ,B. 女,C. 2-4小时,D. 完全不了解,B. 朋友或同学,C. 从未观看,A. 慢节奏生活（如手工、园艺等）,E. 非常反感,B. 否,,,,,,,,,,,,,B. 消极影响更多,D. 完全不够,A. 非常支持,A. 是,(空),(空),110,0,1,0,0,1,0,0,0,0,0,0,0,0,D,B,C,D,C,E,B,,,,,,,,,,,B,D,A,A,,,,,,,,0.0,0
2025/3/12 20:07:03,105秒,微信,,D. 18岁以上  ,B. 女,D. 4小时以上,B. 了解一些,A. 快手等短视频平台,B. 偶尔观看,B. 低俗或猎奇行为（如吃地果、擦边、未成年怀孕、老幼恋爱视频等）┋C. 负能量相关内容（死亡妆容、引导自残、自杀等内容）,E. 非常反感,A. 是,15-18岁,C. 2-3小时,B. 偶尔,A. 搞笑类,C. 很少模仿,B. 否,A. 是,A. 是,A. 是,B. 否,C. 很少模仿,A. 是,B. 消极影响更多,D. 完全不够,A. 非常支持,A. 是,(空),(空),105,1,0,0,0,0,1,1,0,1,0,0,0,0,D,B,D,B,B,E,A,C,B,C,B,A,A,A,B,C,A,B,D,A,A,0.0,1.0,1.0,1.0,0.0,0.3333333333333333,0.3333333333333333,3.3333333333333335,0
2025/3/12 20:09:47,92秒,微信,,D. 18岁以上  ,B. 女,D. 4小时以上,D. 完全不了解,A. 快手等短视频平台,C. 从未观看,A. 慢节奏生活（如手工、园艺等）┋B. 低俗或猎奇行为（如吃地果、擦边、未成年怀孕、老幼恋爱视频等）┋C. 负能量相关内容（死亡妆容、引导自残、自杀等内容）,D. 不太喜欢,B. 否,,,,,,,,,,,,,C. 既有积极也有消极影响,C. 不够,A. 非常支持,C. 不确定,(空),(空),92,1,0,0,0,1,1,1,0,0,0,0,0,0,D,B,D,D,C,D,B,,,,,,,,,,,C,C,A,C,,,,,,,,0.0,0
2025/3/12 20:29:42,176秒,微信,,A. 12岁以下  ,B. 女,A. 少于1小时,C. 听说过但不了解,D. 其他（请注明）,C. 从未观看,D.其他,C. 中立,A. 是,10-13岁,D. 3小时以上,D. 从不,A. 搞笑类,A. 经常模仿,C. 不确定,C. 不确定,B. 否,B. 否,C. 不确定,C. 很少模仿,C. 不确定,B. 否,C. 不够,D. 无所谓,C. 不确定,(空),(空),176,0,0,0,1,0,0,0,1,1,0,0,0,0,A,B,A,C,C,C,A,D,D,A,C,C,B,B,C,C,C,B,C,D,C,0.5,0.5,0.0,0.0,0.5,0.3333333333333333,1.0,1.8333333333333333,0
2025/3/12 20:31:37,345秒,微信,,A. 12岁以下  ,B. 女,A. 少于1小时,D. 完全不了解,D. 其他（请注明）〖b不知道〗,C. 从未观看,D.其他〖不知道〗,C. 中立,A. 是,15-18岁,B. 1-2小时,B. 偶尔,C. 正能量类,C. 很少模仿,B. 否,B. 否,B. 否,C. 不确定,B. 否,C. 很少模仿,B. 否,C. 既有积极也有消极影响,C. 不够,B. 比较支持,C. 不确定,(空),(空),345,0,0,0,1,0,0,0,1,0,0,1,0,0,A,B,A,D,C,C,A,B,B,C,B,B,B,C,B,C,B,C,C,B,C,0.0,0.0,0.0,0.5,0.0,0.3333333333333333,0.3333333333333333,0.8333333333333333,0
2025/3/12 20:33:05,384秒,微信,,D. 18岁以上  ,A. 男,C. 2-4小时,A. 非常了解,C. 新闻报道,C. 从未观看,A. 慢节奏生活（如手工、园艺等）,E. 非常反感,B. 否,,,,,,,,,,,,,B. 消极影响更多,C. 不够,A. 非常支持,C. 不确定,慢步文化视频及内容会危害青少年的健康成长,希望能更加严格禁止低俗及极端内容,384,0,0,1,0,1,0,0,0,0,0,0,0,0,D,A,C,A,C,E,B,,,,,,,,,,,B,C,A,C,,,,,,,,0.0,0
2025/3/12 20:34:41,300秒,微信,,D. 18岁以上  ,B. 女,A. 少于1小时,D. 完全不了解,D. 其他（请注明）〖第一次听这个词 可能我有点2g〗,C. 从未观看,D.其他〖我看的视频比较多是剧宣、线条小狗〗,C. 中立,B. 否,,,,,,,,,,,,,C. 既有积极也有消极影响,C. 不够,A. 非常支持,C. 不确定,思维固着，在大数据推送下困于信息茧房,大数据不要总是根据爱好、停留时间等推送类似内容，需要不同领域信息的推送,300,0,0,0,1,0,0,0,1,0,0,0,0,0,D,B,A,D,C,C,B,,,,,,,,,,,C,C,A,C,,,,,,,,0.0,0
2025/3/12 20:45:34,426秒,微信,,D. 18岁以上  ,B. 女,A. 少于1小时,C. 听说过但不了解,C. 新闻报道,B. 偶尔观看,B. 低俗或猎奇行为（如吃地果、擦边、未成年怀孕、老幼恋爱视频等）┋C. 负能量相关内容（死亡妆容、引导自残、自杀等内容）,D. 不太喜欢,A. 是,13-15岁,A. 少于1小时,C. 很少,C. 正能量类,C. 很少模仿,B. 否,B. 否,B. 否,B. 否,B. 否,D. 从不模仿,A. 是,B. 消极影响更多,C. 不够,B. 比较支持,B. 否,拖拉,正能量内容,426,0,0,1,0,0,1,1,0,0,0,1,0,0,D,B,A,C,B,D,A,A,C,C,B,B,B,B,B,D,A,B,C,B,B,0.0,0.0,0.0,0.0,0.0,0.0,0.3333333333333333,0.0,0
2025/3/12 20:47:27,572秒,微信,,D. 18岁以上  ,B. 女,D. 4小时以上,B. 了解一些,A. 快手等短视频平台,B. 偶尔观看,B. 低俗或猎奇行为（如吃地果、擦边、未成年怀孕、老幼恋爱视频等）,E. 非常反感,A. 是,10岁以下,D. 3小时以上,D. 从不,A. 搞笑类,C. 很少模仿,C. 不确定,B. 否,B. 否,B. 否,B. 否,D. 从不模仿,B. 否,B. 消极影响更多,C. 不够,A. 非常支持,C. 不确定,影响健康成长,减少快手抖音负能量视频,572,1,0,0,0,0,1,0,0,1,0,0,0,0,D,B,D,B,B,E,A,D,D,C,C,B,B,B,B,D,B,B,C,A,C,0.5,0.0,0.0,0.0,0.0,0.0,0.3333333333333333,0.5,0
2025/3/12 21:00:37,102秒,微信,,D. 18岁以上  ,B. 女,A. 少于1小时,D. 完全不了解,C. 新闻报道,C. 从未观看,A. 慢节奏生活（如手工、园艺等）,D. 不太喜欢,B. 否,,,,,,,,,,,,,C. 既有积极也有消极影响,D. 完全不够,D. 无所谓,C. 不确定,(空),(空),102,0,0,1,0,1,0,0,0,0,0,0,0,0,D,B,A,D,C,D,B,,,,,,,,,,,C,D,D,C,,,,,,,,0.0,0
2025/3/12 21:00:56,169秒,微信,,D. 18岁以上  ,B. 女,A. 少于1小时,D. 完全不了解,A. 快手等短视频平台,C. 从未观看,C. 负能量相关内容（死亡妆容、引导自残、自杀等内容）,D. 不太喜欢,A. 是,15-18岁,B. 1-2小时,C. 很少,D. 生活类,D. 从不模仿,C. 不确定,C. 不确定,A. 是,A. 是,C. 不确定,B. 偶尔模仿,A. 是,B. 消极影响更多,C. 不够,A. 非常支持,A. 是,(空),(空),169,1,0,0,0,0,0,1,0,0,0,0,1,0,D,B,A,D,C,D,A,B,C,D,C,C,A,A,C,B,A,B,C,A,A,0.5,0.5,1.0,1.0,0.5,0.6666666666666666,0.0,4.166666666666667,1
2025/3/12 21:01:44,151秒,微信,,D. 18岁以上  ,B. 女,B. 1-2小时,C. 听说过但不了解,A. 快手等短视频平台,B. 偶尔观看,A. 慢节奏生活（如手工、园艺等）,C. 中立,A. 是,10-13岁,A. 少于1小时,B. 偶尔,A. 搞笑类,B. 偶尔模仿,C. 不确定,C. 不确定,C. 不确定,C. 不确定,C. 不确定,B. 偶尔模仿,C. 不确定,B. 消极影响更多,C. 不够,B. 比较支持,C. 不确定,影响学习,限制年龄观看,151,1,0,0,0,1,0,0,0,1,0,0,0,0,D,B,B,C,B,C,A,A,B,B,C,C,C,C,C,B,C,B,C,B,C,0.5,0.5,0.5,0.5,0.5,0.6666666666666666,0.6666666666666666,3.1666666666666665,0
2025/3/12 21:14:49,147秒,微信,,D. 18岁以上  ,B. 女,A. 少于1小时,D. 完全不了解,B. 朋友或同学,C. 从未观看,A. 慢节奏生活（如手工、园艺等）,C. 中立,B. 否,,,,,,,,,,,,,C. 既有积极也有消极影响,C. 不够,B. 比较支持,C. 不确定,可以会学坏,多宣传正能量视频,147,0,1,0,0,1,0,0,0,0,0,0,0,0,D,B,A,D,C,C,B,,,,,,,,,,,C,C,B,C,,,,,,,,0.0,0
2025/3/12 21:17:19,88秒,微信,,D. 18岁以上  ,B. 女,B. 1-2小时,D. 完全不了解,D. 其他（请注明）,C. 从未观看,D.其他,C. 中立,B. 否,,,,,,,,,,,,,B. 否,B. 比较足够,D. 无所谓,B. 否,不知道,没建设,88,0,0,0,1,0,0,0,1,0,0,0,0,0,D,B,B,D,C,C,B,,,,,,,,,,,B,B,D,B,,,,,,,,0.0,0
2025/3/12 21:24:02,62秒,微信,,D. 18岁以上  ,B. 女,C. 2-4小时,C. 听说过但不了解,D. 其他（请注明）,B. 偶尔观看,A. 慢节奏生活（如手工、园艺等）,C. 中立,A. 是,13-15岁,B. 1-2小时,A. 经常,C. 正能量类,B. 偶尔模仿,A. 是（如易怒、焦虑、抑郁）,A. 是,A. 是,B. 否,C. 不确定,C. 很少模仿,B. 否,C. 既有积极也有消极影响,B. 比较足够,B. 比较支持,B. 否,无,无,62,0,0,0,1,1,0,0,0,0,0,1,0,0,D,B,C,C,B,C,A,B,A,B,A,A,A,B,C,C,B,C,B,B,B,,1.0,1.0,0.0,0.5,0.3333333333333333,0.6666666666666666,2.8333333333333335,0
2025/3/12 21:24:47,297秒,微信,,A. 12岁以下  ,A. 男,A. 少于1小时,D. 完全不了解,D. 其他（请注明）,C. 从未观看,B. 低俗或猎奇行为（如吃地果、擦边、未成年怀孕、老幼恋爱视频等）,E. 非常反感,A. 是,10-13岁,B. 1-2小时,C. 很少,C. 正能量类,D. 从不模仿,B. 否,C. 不确定,B. 否,C. 不确定,B. 否,D. 从不模仿,B. 否,C. 既有积极也有消极影响,B. 比较足够,A. 非常支持,B. 否,𣎴文明,(空),297,0,0,0,1,0,1,0,0,0,0,1,0,0,A,A,A,D,C,E,A,B,C,D,B,C,B,C,B,D,B,C,B,A,B,0.0,0.5,0.0,0.5,0.0,0.0,0.0,1.0,0
2025/3/12 21:26:57,117秒,微信,,D. 18岁以上  ,B. 女,C. 2-4小时,B. 了解一些,A. 快手等短视频平台,A. 经常观看,D.其他,C. 中立,B. 否,,,,,,,,,,,,,A. 积极影响更多,B. 比较足够,B. 比较支持,B. 否,(空),(空),117,1,0,0,0,0,0,0,1,0,0,0,0,0,D,B,C,B,A,C,B,,,,,,,,,,,A,B,B,B,,,,,,,,0.0,0
2025/3/12 21:27:02,165秒,微信,,D. 18岁以上  ,B. 女,B. 1-2小时,A. 非常了解,A. 快手等短视频平台┋B. 朋友或同学,A. 经常观看,A. 慢节奏生活（如手工、园艺等）,C. 中立,A. 是,15-18岁,B. 1-2小时,B. 偶尔,C. 正能量类,B. 偶尔模仿,A. 是（如易怒、焦虑、抑郁）,A. 是,A. 是,A. 是,B. 否,A. 经常模仿,A. 是,C. 既有积极也有消极影响,B. 比较足够,B. 比较支持,A. 是,坏习惯增加了,出一个青少年版本，加强平台视频管理,165,1,1,0,0,1,0,0,0,0,0,1,0,0,D,B,B,A,A,C,A,B,B,B,A,A,A,A,B,A,A,C,B,B,A,,1.0,1.0,1.0,0.0,1.0,0.6666666666666666,4.0,1
2025/3/12 21:28:14,240秒,微信,,D. 18岁以上  ,A. 男,D. 4小时以上,C. 听说过但不了解,A. 快手等短视频平台,B. 偶尔观看,A. 慢节奏生活（如手工、园艺等）,C. 中立,A. 是,15-18岁,B. 1-2小时,D. 从不,B. 低俗类,C. 很少模仿,C. 不确定,A. 是,A. 是,C. 不确定,C. 不确定,C. 很少模仿,B. 否,C. 既有积极也有消极影响,C. 不够,D. 无所谓,A. 是,这种文化鼓励“逃避主义”，使许多青少年对学业、工作和社会责任失去兴趣，他们更倾向于追求即时满足，而不愿意为未来做长远规划，认为不努力、不奋斗也能获得关注和利益，导致人生目标和方向不明确。,平台多加管理,240,1,0,0,0,1,0,0,0,0,1,0,0,0,D,A,D,C,B,C,A,B,D,C,C,A,A,C,C,C,B,C,C,D,A,0.5,1.0,1.0,0.5,0.5,0.3333333333333333,0.3333333333333333,3.8333333333333335,0
2025/3/12 21:33:04,269秒,微信,,D. 18岁以上  ,B. 女,A. 少于1小时,D. 完全不了解,B. 朋友或同学┋C. 新闻报道,B. 偶尔观看,A. 慢节奏生活（如手工、园艺等）┋B. 低俗或猎奇行为（如吃地果、擦边、未成年怀孕、老幼恋爱视频等）,D. 不太喜欢,A. 是,10-13岁,B. 1-2小时,B. 偶尔,C. 正能量类,C. 很少模仿,B. 否,B. 否,B. 否,B. 否,B. 否,C. 很少模仿,B. 否,B. 消极影响更多,C. 不够,D. 无所谓,B. 否,不清楚,没有,269,0,1,1,0,1,1,0,0,0,0,1,0,0,D,B,A,D,B,D,A,B,B,C,B,B,B,B,B,C,B,B,C,D,B,0.0,0.0,0.0,0.0,0.0,0.3333333333333333,0.3333333333333333,0.3333333333333333,0
2025/3/12 21:37:11,148秒,微信,,D. 18岁以上  ,B. 女,A. 少于1小时,D. 完全不了解,A. 快手等短视频平台┋B. 朋友或同学,C. 从未观看,A. 慢节奏生活（如手工、园艺等）┋B. 低俗或猎奇行为（如吃地果、擦边、未成年怀孕、老幼恋爱视频等）,B. 比较喜欢,A. 是,13-15岁,B. 1-2小时,B. 偶尔,A. 搞笑类,B. 偶尔模仿,B. 否,C. 不确定,A. 是,C. 不确定,C. 不确定,D. 从不模仿,C. 不确定,C. 既有积极也有消极影响,C. 不够,A. 非常支持,A. 是,(空),(空),148,1,1,0,0,1,1,0,0,1,0,0,0,0,D,B,A,D,C,B,A,B,B,B,B,C,A,C,C,D,C,C,C,A,A,0.0,0.5,1.0,0.5,0.5,0.0,0.6666666666666666,2.5,0
2025/3/12 21:38:50,91秒,微信,,D. 18岁以上  ,B. 女,A. 少于1小时,D. 完全不了解,C. 新闻报道,C. 从未观看,A. 慢节奏生活（如手工、园艺等）,C. 中立,A. 是,15-18岁,B. 1-2小时,B. 偶尔,A. 搞笑类,C. 很少模仿,B. 否,B. 否,B. 否,B. 否,B. 否,B. 偶尔模仿,B. 否,C. 既有积极也有消极影响,C. 不够,B. 比较支持,B. 否,(空),(空),91,0,0,1,0,1,0,0,0,1,0,0,0,0,D,B,A,D,C,C,A,B,B,C,B,B,B,B,B,B,B,C,C,B,B,0.0,0.0,0.0,0.0,0.0,0.6666666666666666,0.3333333333333333,0.6666666666666666,1
2025/3/12 21:39:17,98秒,微信,,D. 18岁以上  ,B. 女,A. 少于1小时,D. 完全不了解,B. 朋友或同学,C. 从未观看,A. 慢节奏生活（如手工、园艺等）,C. 中立,B. 否,,,,,,,,,,,,,C. 既有积极也有消极影响,C. 不够,B. 比较支持,A. 是,(空),(空),98,0,1,0,0,1,0,0,0,0,0,0,0,0,D,B,A,D,C,C,B,,,,,,,,,,,C,C,B,A,,,,,,,,0.0,0
2025/3/12 21:40:24,77秒,微信,,D. 18岁以上  ,A. 男,A. 少于1小时,D. 完全不了解,D. 其他（请注明）〖不了解〗,C. 从未观看,D.其他〖没看过〗,E. 非常反感,B. 否,,,,,,,,,,,,,B. 消极影响更多,D. 完全不够,A. 非常支持,A. 是,(空),(空),77,0,0,0,1,0,0,0,1,0,0,0,0,0,D,A,A,D,C,E,B,,,,,,,,,,,B,D,A,A,,,,,,,,0.0,0
2025/3/12 21:41:47,191秒,微信,,A. 12岁以下  ,B. 女,A. 少于1小时,B. 了解一些,A. 快手等短视频平台┋B. 朋友或同学,B. 偶尔观看,B. 低俗或猎奇行为（如吃地果、擦边、未成年怀孕、老幼恋爱视频等）,E. 非常反感,B. 否,,,,,,,,,,,,,C. 既有积极也有消极影响,D. 完全不够,C. 不支持,B. 否,(空),(空),191,1,1,0,0,0,1,0,0,0,0,0,0,0,A,B,A,B,B,E,B,,,,,,,,,,,C,D,C,B,,,,,,,,0.0,0
2025/3/12 21:41:52,182秒,微信,,D. 18岁以上  ,B. 女,A. 少于1小时,B. 了解一些,C. 新闻报道,B. 偶尔观看,A. 慢节奏生活（如手工、园艺等）,C. 中立,A. 是,13-15岁,A. 少于1小时,C. 很少,A. 搞笑类,B. 偶尔模仿,A. 是（如易怒、焦虑、抑郁）,B. 否,B. 否,A. 是,C. 不确定,B. 偶尔模仿,A. 是,C. 既有积极也有消极影响,C. 不够,A. 非常支持,A. 是,沉迷其中,无脑低俗视频不能上传,182,0,0,1,0,1,0,0,0,1,0,0,0,0,D,B,A,B,B,C,A,A,C,B,A,B,B,A,C,B,A,C,C,A,A,,0.0,0.0,1.0,0.5,0.6666666666666666,0.6666666666666666,2.1666666666666665,0
2025/3/12 21:42:41,109秒,微信,,D. 18岁以上  ,B. 女,A. 少于1小时,D. 完全不了解,C. 新闻报道,C. 从未观看,D.其他〖没看过〗,E. 非常反感,B. 否,,,,,,,,,,,,,B. 消极影响更多,D. 完全不够,A. 非常支持,C. 不确定,心理健康的影响,无,109,0,0,1,0,0,0,0,1,0,0,0,0,0,D,B,A,D,C,E,B,,,,,,,,,,,B,D,A,C,,,,,,,,0.0,0
2025/3/12 21:43:46,213秒,微信,,D. 18岁以上  ,B. 女,C. 2-4小时,D. 完全不了解,D. 其他（请注明）,C. 从未观看,D.其他,D. 不太喜欢,B. 否,,,,,,,,,,,,,B. 消极影响更多,D. 完全不够,A. 非常支持,A. 是,不是很清楚,无,213,0,0,0,1,0,0,0,1,0,0,0,0,0,D,B,C,D,C,D,B,,,,,,,,,,,B,D,A,A,,,,,,,,0.0,0
2025/3/12 21:43:59,68秒,微信,,D. 18岁以上  ,A. 男,B. 1-2小时,B. 了解一些,A. 快手等短视频平台┋B. 朋友或同学,B. 偶尔观看,A. 慢节奏生活（如手工、园艺等）┋B. 低俗或猎奇行为（如吃地果、擦边、未成年怀孕、老幼恋爱视频等）,C. 中立,B. 否,,,,,,,,,,,,,B. 消极影响更多,C. 不够,B. 比较支持,C. 不确定,(空),(空),68,1,1,0,0,1,1,0,0,0,0,0,0,0,D,A,B,B,B,C,B,,,,,,,,,,,B,C,B,C,,,,,,,,0.0,0
2025/3/12 21:44:10,385秒,微信,,D. 18岁以上  ,B. 女,A. 少于1小时,C. 听说过但不了解,A. 快手等短视频平台,C. 从未观看,A. 慢节奏生活（如手工、园艺等）┋B. 低俗或猎奇行为（如吃地果、擦边、未成年怀孕、老幼恋爱视频等）,C. 中立,B. 否,,,,,,,,,,,,,C. 既有积极也有消极影响,C. 不够,B. 比较支持,C. 不确定,对慢脚文化不了解,不了解没建议,385,1,0,0,0,1,1,0,0,0,0,0,0,0,D,B,A,C,C,C,B,,,,,,,,,,,C,C,B,C,,,,,,,,0.0,0
2025/3/12 21:44:49,101秒,微信,,D. 18岁以上  ,A. 男,A. 少于1小时,D. 完全不了解,A. 快手等短视频平台,C. 从未观看,A. 慢节奏生活（如手工、园艺等）,D. 不太喜欢,B. 否,,,,,,,,,,,,,B. 否,D. 完全不够,D. 无所谓,C. 不确定,(空),(空),101,1,0,0,0,1,0,0,0,0,0,0,0,0,D,A,A,D,C,D,B,,,,,,,,,,,B,D,D,C,,,,,,,,0.0,0
2025/3/12 21:45:56,954秒,微信,,D. 18岁以上  ,B. 女,A. 少于1小时,B. 了解一些,A. 快手等短视频平台┋C. 新闻报道,B. 偶尔观看,B. 低俗或猎奇行为（如吃地果、擦边、未成年怀孕、老幼恋爱视频等）┋C. 负能量相关内容（死亡妆容、引导自残、自杀等内容）,E. 非常反感,B. 否,,,,,,,,,,,,,C. 既有积极也有消极影响,D. 完全不够,A. 非常支持,B. 否,潜在的危害,希望所有的平台规范行为加强监管！在享受娱乐和流量的同时，守住底线。,954,1,0,1,0,0,1,1,0,0,0,0,0,0,D,B,A,B,B,E,B,,,,,,,,,,,C,D,A,B,,,,,,,,0.0,0
2025/3/12 21:45:59,206秒,微信,,D. 18岁以上  ,B. 女,B. 1-2小时,D. 完全不了解,D. 其他（请注明）,C. 从未观看,D.其他,D. 不太喜欢,A. 是,15-18岁,A. 少于1小时,D. 从不,D. 生活类,D. 从不模仿,C. 不确定,C. 不确定,C. 不确定,C. 不确定,B. 否,D. 从不模仿,C. 不确定,B. 否,D. 完全不够,D. 无所谓,C. 不确定,不知道,没,206,0,0,0,1,0,0,0,1,0,0,0,1,0,D,B,B,D,C,D,A,A,D,D,C,C,C,C,B,D,C,B,D,D,C,0.5,0.5,0.5,0.5,0.0,0.0,0.0,2.0,0
2025/3/12 21:46:50,177秒,手机提交,直接访问,B. 12-15岁  ,B. 女,C. 2-4小时,B. 了解一些,A. 快手等短视频平台┋B. 朋友或同学,B. 偶尔观看,A. 慢节奏生活（如手工、园艺等）┋C. 负能量相关内容（死亡妆容、引导自残、自杀等内容）,D. 不太喜欢,A. 是,10-13岁,B. 1-2小时,B. 偶尔,B. 低俗类,B. 偶尔模仿,A. 是（如易怒、焦虑、抑郁）,A. 是,A. 是,A. 是,A. 是,B. 偶尔模仿,A. 是,B. 消极影响更多,C. 不够,C. 不支持,A. 是,让青少年接触许多低俗的内容，不利于其身心发展,平台应该加强对发布视频内容的审核,177,1,1,0,0,1,0,1,0,0,1,0,0,0,B,B,C,B,B,D,A,B,B,B,A,A,A,A,A,B,A,B,C,C,A,,1.0,1.0,1.0,1.0,0.6666666666666666,0.6666666666666666,4.666666666666667,0
2025/3/12 21:46:54,175秒,微信,,D. 18岁以上  ,B. 女,A. 少于1小时,C. 听说过但不了解,B. 朋友或同学,C. 从未观看,D.其他,C. 中立,A. 是,13-15岁,C. 2-3小时,B. 偶尔,A. 搞笑类,B. 偶尔模仿,C. 不确定,C. 不确定,C. 不确定,C. 不确定,C. 不确定,B. 偶尔模仿,B. 否,C. 既有积极也有消极影响,C. 不够,B. 比较支持,C. 不确定,(空),(空),175,0,1,0,0,0,0,0,1,1,0,0,0,0,D,B,A,C,C,C,A,C,B,B,C,C,C,C,C,B,B,C,C,B,C,0.5,0.5,0.5,0.5,0.5,0.6666666666666666,0.6666666666666666,3.1666666666666665,0
2025/3/12 21:46:57,273秒,微信,,C. 16-18岁  ,A. 男,B. 1-2小时,A. 非常了解,A. 快手等短视频平台┋B. 朋友或同学,B. 偶尔观看,A. 慢节奏生活（如手工、园艺等）┋B. 低俗或猎奇行为（如吃地果、擦边、未成年怀孕、老幼恋爱视频等）,C. 中立,A. 是,10-13岁,B. 1-2小时,A. 经常,B. 低俗类,B. 偶尔模仿,A. 是（如易怒、焦虑、抑郁）,A. 是,A. 是,A. 是,A. 是,B. 偶尔模仿,A. 是,B. 消极影响更多,C. 不够,B. 比较支持,A. 是,毁灭价值观,屏蔽内容,273,1,1,0,0,1,1,0,0,0,1,0,0,0,C,A,B,A,B,C,A,B,A,B,A,A,A,A,A,B,A,B,C,B,A,,1.0,1.0,1.0,1.0,0.6666666666666666,0.6666666666666666,4.666666666666667,0
2025/3/12 21:51:35,103秒,微信,,D. 18岁以上  ,B. 女,B. 1-2小时,D. 完全不了解,C. 新闻报道,C. 从未观看,A. 慢节奏生活（如手工、园艺等）,C. 中立,B. 否,,,,,,,,,,,,,C. 既有积极也有消极影响,C. 不够,D. 无所谓,C. 不确定,(空),(空),103,0,0,1,0,1,0,0,0,0,0,0,0,0,D,B,B,D,C,C,B,,,,,,,,,,,C,C,D,C,,,,,,,,0.0,0
2025/3/12 21:52:22,350秒,微信,,B. 12-15岁  ,A. 男,A. 少于1小时,D. 完全不了解,B. 朋友或同学,C. 从未观看,D.其他,D. 不太喜欢,A. 是,10-13岁,A. 少于1小时,A. 经常,E.其他,A. 经常模仿,A. 是（如易怒、焦虑、抑郁）,C. 不确定,A. 是,A. 是,C. 不确定,B. 偶尔模仿,A. 是,A. 积极影响更多,D. 完全不够,A. 非常支持,C. 不确定,兴趣爱好减少，不愿意和朋友交流,减少低俗的视频！多加控制,350,0,1,0,0,0,0,0,1,0,0,0,0,1,B,A,A,D,C,D,A,A,A,A,A,C,A,A,C,B,A,A,D,A,C,,0.5,1.0,1.0,0.5,0.6666666666666666,1.0,3.6666666666666665,0
2025/3/12 21:53:15,215秒,微信,,D. 18岁以上  ,A. 男,C. 2-4小时,D. 完全不了解,D. 其他（请注明）〖无〗,C. 从未观看,D.其他〖不知道〗,C. 中立,A. 是,10-13岁,D. 3小时以上,A. 经常,A. 搞笑类,A. 经常模仿,B. 否,B. 否,A. 是,B. 否,C. 不确定,C. 很少模仿,B. 否,B. 否,C. 不够,C. 不支持,B. 否,(空),(空),215,0,0,0,1,0,0,0,1,1,0,0,0,0,D,A,C,D,C,C,A,D,A,A,B,B,A,B,C,C,B,B,C,C,B,0.0,0.0,1.0,0.0,0.5,0.3333333333333333,1.0,1.8333333333333333,0
2025/3/12 21:54:16,193秒,微信,,D. 18岁以上  ,A. 男,B. 1-2小时,D. 完全不了解,A. 快手等短视频平台,C. 从未观看,D.其他〖不了解〗,C. 中立,A. 是,15-18岁,A. 少于1小时,B. 偶尔,A. 搞笑类,B. 偶尔模仿,C. 不确定,B. 否,B. 否,C. 不确定,C. 不确定,C. 很少模仿,B. 否,C. 既有积极也有消极影响,C. 不够,D. 无所谓,C. 不确定,不了解,不太了解这个含义,193,1,0,0,0,0,0,0,1,1,0,0,0,0,D,A,B,D,C,C,A,A,B,B,C,B,B,C,C,C,B,C,C,D,C,0.5,0.0,0.0,0.5,0.5,0.3333333333333333,0.6666666666666666,1.8333333333333333,0
2025/3/12 21:56:37,260秒,微信,,D. 18岁以上  ,B. 女,B. 1-2小时,C. 听说过但不了解,A. 快手等短视频平台┋B. 朋友或同学┋C. 新闻报道,C. 从未观看,A. 慢节奏生活（如手工、园艺等）,D. 不太喜欢,A. 是,13-15岁,C. 2-3小时,B. 偶尔,A. 搞笑类,B. 偶尔模仿,C. 不确定,C. 不确定,C. 不确定,C. 不确定,C. 不确定,B. 偶尔模仿,B. 否,C. 既有积极也有消极影响,C. 不够,A. 非常支持,A. 是,扭曲价值观，助长不良习惯，容易引发偏激性认知。,加强平台监管，坚决限制低俗负能量作品上架,260,1,1,1,0,1,0,0,0,1,0,0,0,0,D,B,B,C,C,D,A,C,B,B,C,C,C,C,C,B,B,C,C,A,A,0.5,0.5,0.5,0.5,0.5,0.6666666666666666,0.6666666666666666,3.1666666666666665,0
2025/3/12 21:58:48,90秒,微信,,D. 18岁以上  ,B. 女,B. 1-2小时,C. 听说过但不了解,A. 快手等短视频平台┋B. 朋友或同学,C. 从未观看,D.其他,E. 非常反感,B. 否,,,,,,,,,,,,,B. 消极影响更多,C. 不够,B. 比较支持,C. 不确定,(空),(空),90,1,1,0,0,0,0,0,1,0,0,0,0,0,D,B,B,C,C,E,B,,,,,,,,,,,B,C,B,C,,,,,,,,0.0,0
2025/3/12 21:59:05,216秒,微信,,D. 18岁以上  ,A. 男,A. 少于1小时,D. 完全不了解,B. 朋友或同学,C. 从未观看,D.其他,C. 中立,B. 否,,,,,,,,,,,,,C. 既有积极也有消极影响,C. 不够,D. 无所谓,A. 是,阿巴阿巴,理性看待,216,0,1,0,0,0,0,0,1,0,0,0,0,0,D,A,A,D,C,C,B,,,,,,,,,,,C,C,D,A,,,,,,,,0.0,0
2025/3/12 22:00:24,112秒,微信,,D. 18岁以上  ,B. 女,A. 少于1小时,B. 了解一些,A. 快手等短视频平台,B. 偶尔观看,B. 低俗或猎奇行为（如吃地果、擦边、未成年怀孕、老幼恋爱视频等）,E. 非常反感,B. 否,,,,,,,,,,,,,B. 消极影响更多,D. 完全不够,A. 非常支持,A. 是,宣扬暴力低速，对未成年人的价值观造成了巨大冲击,平台加强管控创作者内容，也加强对用户年龄的管控,112,1,0,0,0,0,1,0,0,0,0,0,0,0,D,B,A,B,B,E,B,,,,,,,,,,,B,D,A,A,,,,,,,,0.0,0
2025/3/12 22:01:20,202秒,微信,,D. 18岁以上  ,A. 男,A. 少于1小时,D. 完全不了解,B. 朋友或同学,C. 从未观看,A. 慢节奏生活（如手工、园艺等）,C. 中立,A. 是,15-18岁,A. 少于1小时,B. 偶尔,A. 搞笑类,B. 偶尔模仿,C. 不确定,C. 不确定,C. 不确定,C. 不确定,B. 否,B. 偶尔模仿,C. 不确定,C. 既有积极也有消极影响,B. 比较足够,D. 无所谓,C. 不确定,(空),(空),202,0,1,0,0,1,0,0,0,1,0,0,0,0,D,A,A,D,C,C,A,A,B,B,C,C,C,C,B,B,C,C,B,D,C,0.5,0.5,0.5,0.5,0.0,0.6666666666666666,0.6666666666666666,2.6666666666666665,0
2025/3/12 22:05:07,64秒,微信,,D. 18岁以上  ,A. 男,A. 少于1小时,D. 完全不了解,A. 快手等短视频平台┋B. 朋友或同学,C. 从未观看,A. 慢节奏生活（如手工、园艺等）,C. 中立,B. 否,,,,,,,,,,,,,B. 消极影响更多,C. 不够,C. 不支持,C. 不确定,(空),(空),64,1,1,0,0,1,0,0,0,0,0,0,0,0,D,A,A,D,C,C,B,,,,,,,,,,,B,C,C,C,,,,,,,,0.0,0
2025/3/12 22:07:10,100秒,微信,,C. 16-18岁  ,A. 男,C. 2-4小时,C. 听说过但不了解,A. 快手等短视频平台,B. 偶尔观看,B. 低俗或猎奇行为（如吃地果、擦边、未成年怀孕、老幼恋爱视频等）┋C. 负能量相关内容（死亡妆容、引导自残、自杀等内容）,C. 中立,A. 是,10岁以下,C. 2-3小时,B. 偶尔,B. 低俗类,B. 偶尔模仿,A. 是（如易怒、焦虑、抑郁）,B. 否,B. 否,A. 是,B. 否,C. 很少模仿,B. 否,B. 消极影响更多,C. 不够,C. 不支持,B. 否,(空),(空),100,1,0,0,0,0,1,1,0,0,1,0,0,0,C,A,C,C,B,C,A,C,B,B,A,B,B,A,B,C,B,B,C,C,B,,0.0,0.0,1.0,0.0,0.3333333333333333,0.6666666666666666,1.3333333333333333,0
2025/3/12 22:08:30,215秒,微信,,D. 18岁以上  ,B. 女,B. 1-2小时,C. 听说过但不了解,C. 新闻报道,C. 从未观看,B. 低俗或猎奇行为（如吃地果、擦边、未成年怀孕、老幼恋爱视频等）┋C. 负能量相关内容（死亡妆容、引导自残、自杀等内容）,E. 非常反感,A. 是,10岁以下,A. 少于1小时,B. 偶尔,A. 搞笑类,B. 偶尔模仿,B. 否,B. 否,B. 否,B. 否,B. 否,D. 从不模仿,A. 是,B. 消极影响更多,C. 不够,A. 非常支持,B. 否,分辨不清楚对错，乱模仿,对违规视频直接下架屏蔽，相关作者账号封禁,215,0,0,1,0,0,1,1,0,1,0,0,0,0,D,B,B,C,C,E,A,A,B,B,B,B,B,B,B,D,A,B,C,A,B,0.0,0.0,0.0,0.0,0.0,0.0,0.6666666666666666,0.0,0
2025/3/12 22:10:28,111秒,微信,,D. 18岁以上  ,B. 女,B. 1-2小时,B. 了解一些,C. 新闻报道,B. 偶尔观看,A. 慢节奏生活（如手工、园艺等）,B. 比较喜欢,A. 是,15-18岁,B. 1-2小时,B. 偶尔,C. 正能量类,A. 经常模仿,B. 否,A. 是,A. 是,A. 是,B. 否,A. 经常模仿,B. 否,A. 积极影响更多,A. 非常足够,B. 比较支持,B. 否,容易上瘾,要加大宣传,111,0,0,1,0,1,0,0,0,0,0,1,0,0,D,B,B,B,B,B,A,B,B,A,B,A,A,A,B,A,B,A,A,B,B,0.0,1.0,1.0,1.0,0.0,1.0,1.0,4.0,0
2025/3/12 22:17:08,264秒,微信,,D. 18岁以上  ,B. 女,C. 2-4小时,C. 听说过但不了解,A. 快手等短视频平台,C. 从未观看,B. 低俗或猎奇行为（如吃地果、擦边、未成年怀孕、老幼恋爱视频等）┋C. 负能量相关内容（死亡妆容、引导自残、自杀等内容）,D. 不太喜欢,A. 是,13-15岁,D. 3小时以上,B. 偶尔,A. 搞笑类,B. 偶尔模仿,B. 否,B. 否,B. 否,A. 是,C. 不确定,B. 偶尔模仿,A. 是,B. 消极影响更多,C. 不够,A. 非常支持,A. 是,“慢脚文化”类视频对青少年的身心发展具有危害，不利于青少年良好价值观的养成。,加强网络监管,264,1,0,0,0,0,1,1,0,1,0,0,0,0,D,B,C,C,C,D,A,D,B,B,B,B,B,A,C,B,A,B,C,A,A,0.0,0.0,0.0,1.0,0.5,0.6666666666666666,0.6666666666666666,2.1666666666666665,0
2025/3/12 22:20:52,1176秒,微信,,D. 18岁以上  ,B. 女,B. 1-2小时,D. 完全不了解,D. 其他（请注明）,C. 从未观看,A. 慢节奏生活（如手工、园艺等）,E. 非常反感,A. 是,10岁以下,A. 少于1小时,D. 从不,E.其他〖动漫类的剧〗,C. 很少模仿,B. 否,B. 否,B. 否,B. 否,B. 否,D. 从不模仿,B. 否,B. 消极影响更多,C. 不够,A. 非常支持,B. 否,我是没有了解过慢脚文化没有用过快手所以不懂,在这里才发现这有慢脚文化查的一下都是色情图不应该给小学生接触到才好,1176,0,0,0,1,1,0,0,0,0,0,0,0,1,D,B,B,D,C,E,A,A,D,C,B,B,B,B,B,D,B,B,C,A,B,0.0,0.0,0.0,0.0,0.0,0.0,0.3333333333333333,0.0,0
2025/3/12 22:20:59,808秒,微信,,C. 16-18岁  ,B. 女,C. 2-4小时,A. 非常了解,A. 快手等短视频平台,B. 偶尔观看,A. 慢节奏生活（如手工、园艺等）┋B. 低俗或猎奇行为（如吃地果、擦边、未成年怀孕、老幼恋爱视频等）,C. 中立,A. 是,15-18岁,D. 3小时以上,B. 偶尔,A. 搞笑类,B. 偶尔模仿,B. 否,B. 否,B. 否,C. 不确定,C. 不确定,B. 偶尔模仿,B. 否,C. 既有积极也有消极影响,C. 不够,A. 非常支持,B. 否,＂慢脚文化＂对青少年最大影响是学业和懒惰习惯。甚至影响青少年的身心健康！,多提倡养生等正能量内容,808,1,0,0,0,1,1,0,0,1,0,0,0,0,C,B,C,A,B,C,A,D,B,B,B,B,B,C,C,B,B,C,C,A,B,0.0,0.0,0.0,0.5,0.5,0.6666666666666666,0.6666666666666666,1.6666666666666665,0
2025/3/12 22:39:59,99秒,微信,,D. 18岁以上  ,B. 女,B. 1-2小时,B. 了解一些,A. 快手等短视频平台┋B. 朋友或同学,B. 偶尔观看,B. 低俗或猎奇行为（如吃地果、擦边、未成年怀孕、老幼恋爱视频等）┋C. 负能量相关内容（死亡妆容、引导自残、自杀等内容）,D. 不太喜欢,B. 否,,,,,,,,,,,,,B. 消极影响更多,C. 不够,A. 非常支持,B. 否,(空),(空),99,1,1,0,0,0,1,1,0,0,0,0,0,0,D,B,B,B,B,D,B,,,,,,,,,,,B,C,A,B,,,,,,,,0.0,0
2025/3/12 22:40:49,194秒,微信,,C. 16-18岁  ,B. 女,B. 1-2小时,C. 听说过但不了解,C. 新闻报道,C. 从未观看,D.其他〖无〗,C. 中立,A. 是,10岁以下,D. 3小时以上,A. 经常,B. 低俗类,A. 经常模仿,C. 不确定,C. 不确定,A. 是,A. 是,B. 否,D. 从不模仿,B. 否,C. 既有积极也有消极影响,D. 完全不够,A. 非常支持,A. 是,(空),(空),194,0,0,1,0,0,0,0,1,0,1,0,0,0,C,B,B,C,C,C,A,D,A,A,C,C,A,A,B,D,B,C,D,A,A,0.5,0.5,1.0,1.0,0.0,0.0,1.0,3.0,0
2025/3/12 22:41:23,99秒,微信,,D. 18岁以上  ,B. 女,A. 少于1小时,B. 了解一些,D. 其他（请注明）〖B站，微博〗,C. 从未观看,B. 低俗或猎奇行为（如吃地果、擦边、未成年怀孕、老幼恋爱视频等）┋C. 负能量相关内容（死亡妆容、引导自残、自杀等内容）,E. 非常反感,B. 否,,,,,,,,,,,,,B. 消极影响更多,D. 完全不够,A. 非常支持,A. 是,过早结束三观不正的内容,平台加强审核，政府加强监管,99,0,0,0,1,0,1,1,0,0,0,0,0,0,D,B,A,B,C,E,B,,,,,,,,,,,B,D,A,A,,,,,,,,0.0,0
2025/3/12 22:42:18,82秒,微信,,D. 18岁以上  ,B. 女,A. 少于1小时,B. 了解一些,A. 快手等短视频平台,B. 偶尔观看,B. 低俗或猎奇行为（如吃地果、擦边、未成年怀孕、老幼恋爱视频等）┋C. 负能量相关内容（死亡妆容、引导自残、自杀等内容）,C. 中立,A. 是,10-13岁,C. 2-3小时,B. 偶尔,A. 搞笑类,B. 偶尔模仿,C. 不确定,B. 否,B. 否,B. 否,A. 是,B. 偶尔模仿,B. 否,C. 既有积极也有消极影响,C. 不够,A. 非常支持,A. 是,(空),(空),82,1,0,0,0,0,1,1,0,1,0,0,0,0,D,B,A,B,B,C,A,C,B,B,C,B,B,B,A,B,B,C,C,A,A,0.5,0.0,0.0,0.0,1.0,0.6666666666666666,0.6666666666666666,2.1666666666666665,0
2025/3/12 23:11:01,119秒,手机提交,直接访问,D. 18岁以上  ,B. 女,C. 2-4小时,B. 了解一些,A. 快手等短视频平台┋B. 朋友或同学┋C. 新闻报道,C. 从未观看,B. 低俗或猎奇行为（如吃地果、擦边、未成年怀孕、老幼恋爱视频等）┋C. 负能量相关内容（死亡妆容、引导自残、自杀等内容）,E. 非常反感,B. 否,,,,,,,,,,,,,B. 消极影响更多,D. 完全不够,A. 非常支持,C. 不确定,思想侵蚀,平台监管,119,1,1,1,0,0,1,1,0,0,0,0,0,0,D,B,C,B,C,E,B,,,,,,,,,,,B,D,A,C,,,,,,,,0.0,0
2025/3/12 23:21:03,97秒,微信,,D. 18岁以上  ,B. 女,B. 1-2小时,A. 非常了解,A. 快手等短视频平台┋B. 朋友或同学,B. 偶尔观看,A. 慢节奏生活（如手工、园艺等）┋B. 低俗或猎奇行为（如吃地果、擦边、未成年怀孕、老幼恋爱视频等）┋C. 负能量相关内容（死亡妆容、引导自残、自杀等内容）┋D.其他,E. 非常反感,A. 是,10-13岁,B. 1-2小时,B. 偶尔,E.其他,A. 经常模仿,B. 否,C. 不确定,C. 不确定,A. 是,C. 不确定,D. 从不模仿,C. 不确定,B. 消极影响更多,D. 完全不够,A. 非常支持,A. 是,(空),(空),97,1,1,0,0,1,1,1,1,0,0,0,0,1,D,B,B,A,B,E,A,B,B,A,B,C,C,A,C,D,C,B,D,A,A,0.0,0.5,0.5,1.0,0.5,0.0,1.0,2.5,0
2025/3/12 23:22:31,234秒,微信,,A. 12岁以下  ,B. 女,A. 少于1小时,D. 完全不了解,C. 新闻报道,B. 偶尔观看,A. 慢节奏生活（如手工、园艺等）┋B. 低俗或猎奇行为（如吃地果、擦边、未成年怀孕、老幼恋爱视频等）,B. 比较喜欢,A. 是,13-15岁,A. 少于1小时,B. 偶尔,D. 生活类,C. 很少模仿,B. 否,B. 否,B. 否,B. 否,B. 否,C. 很少模仿,B. 否,B. 否,C. 不够,D. 无所谓,B. 否,(空),(空),234,0,0,1,0,1,1,0,0,0,0,0,1,0,A,B,A,D,B,B,A,A,B,C,B,B,B,B,B,C,B,B,C,D,B,0.0,0.0,0.0,0.0,0.0,0.3333333333333333,0.3333333333333333,0.3333333333333333,0
2025/3/12 23:27:01,160秒,微信,,D. 18岁以上  ,B. 女,A. 少于1小时,D. 完全不了解,D. 其他（请注明）,C. 从未观看,D.其他,C. 中立,B. 否,,,,,,,,,,,,,C. 既有积极也有消极影响,C. 不够,D. 无所谓,C. 不确定,无,无,160,0,0,0,1,0,0,0,1,0,0,0,0,0,D,B,A,D,C,C,B,,,,,,,,,,,C,C,D,C,,,,,,,,0.0,0
2025/3/12 23:31:34,95秒,微信,,D. 18岁以上  ,A. 男,B. 1-2小时,C. 听说过但不了解,A. 快手等短视频平台,C. 从未观看,B. 低俗或猎奇行为（如吃地果、擦边、未成年怀孕、老幼恋爱视频等）,E. 非常反感,A. 是,10-13岁,C. 2-3小时,A. 经常,A. 搞笑类,A. 经常模仿,C. 不确定,B. 否,A. 是,A. 是,A. 是,A. 经常模仿,A. 是,B. 消极影响更多,B. 比较足够,B. 比较支持,A. 是,(空),(空),95,1,0,0,0,0,1,0,0,1,0,0,0,0,D,A,B,C,C,E,A,C,A,A,C,B,A,A,A,A,A,B,B,B,A,0.5,0.0,1.0,1.0,1.0,1.0,1.0,4.5,0
2025/3/12 23:32:30,91秒,微信,,D. 18岁以上  ,B. 女,A. 少于1小时,D. 完全不了解,D. 其他（请注明）〖不了解〗,C. 从未观看,D.其他,E. 非常反感,A. 是,13-15岁,B. 1-2小时,A. 经常,A. 搞笑类,A. 经常模仿,A. 是（如易怒、焦虑、抑郁）,A. 是,A. 是,A. 是,C. 不确定,C. 很少模仿,A. 是,B. 否,B. 比较足够,D. 无所谓,A. 是,(空),(空),91,0,0,0,1,0,0,0,1,1,0,0,0,0,D,B,A,D,C,E,A,B,A,A,A,A,A,A,C,C,A,B,B,D,A,,1.0,1.0,1.0,0.5,0.3333333333333333,1.0,3.8333333333333335,0
2025/3/12 23:33:07,127秒,微信,,D. 18岁以上  ,B. 女,A. 少于1小时,D. 完全不了解,D. 其他（请注明）〖不了解〗,C. 从未观看,D.其他,E. 非常反感,A. 是,13-15岁,B. 1-2小时,A. 经常,A. 搞笑类,A. 经常模仿,A. 是（如易怒、焦虑、抑郁）,A. 是,A. 是,A. 是,C. 不确定,C. 很少模仿,A. 是,B. 否,B. 比较足够,D. 无所谓,A. 是,(空),(空),127,0,0,0,1,0,0,0,1,1,0,0,0,0,D,B,A,D,C,E,A,B,A,A,A,A,A,A,C,C,A,B,B,D,A,,1.0,1.0,1.0,0.5,0.3333333333333333,1.0,3.8333333333333335,0
2025/3/12 23:33:18,228秒,微信,,D. 18岁以上  ,B. 女,D. 4小时以上,C. 听说过但不了解,A. 快手等短视频平台,B. 偶尔观看,A. 慢节奏生活（如手工、园艺等）,C. 中立,A. 是,10岁以下,B. 1-2小时,C. 很少,A. 搞笑类,B. 偶尔模仿,B. 否,B. 否,B. 否,B. 否,A. 是,B. 偶尔模仿,A. 是,C. 既有积极也有消极影响,C. 不够,A. 非常支持,A. 是,盲目跟风,平台监管人员加大相关内容的监督筛查 对身边做此类的同学朋友积极引导减少此类内容的发布,228,1,0,0,0,1,0,0,0,1,0,0,0,0,D,B,D,C,B,C,A,B,C,B,B,B,B,B,A,B,A,C,C,A,A,0.0,0.0,0.0,0.0,1.0,0.6666666666666666,0.6666666666666666,1.6666666666666665,0
2025/3/12 23:38:03,132秒,微信,,D. 18岁以上  ,B. 女,A. 少于1小时,C. 听说过但不了解,C. 新闻报道,C. 从未观看,B. 低俗或猎奇行为（如吃地果、擦边、未成年怀孕、老幼恋爱视频等）,D. 不太喜欢,A. 是,10-13岁,D. 3小时以上,A. 经常,B. 低俗类,A. 经常模仿,C. 不确定,A. 是,A. 是,A. 是,C. 不确定,B. 偶尔模仿,A. 是,B. 消极影响更多,D. 完全不够,A. 非常支持,A. 是,(空),(空),132,0,0,1,0,0,1,0,0,0,1,0,0,0,D,B,A,C,C,D,A,D,A,A,C,A,A,A,C,B,A,B,D,A,A,0.5,1.0,1.0,1.0,0.5,0.6666666666666666,1.0,4.666666666666667,0
2025/3/12 23:44:23,250秒,微信,,A. 12岁以下  ,A. 男,A. 少于1小时,B. 了解一些,A. 快手等短视频平台,A. 经常观看,B. 低俗或猎奇行为（如吃地果、擦边、未成年怀孕、老幼恋爱视频等）,E. 非常反感,A. 是,10岁以下,B. 1-2小时,D. 从不,B. 低俗类,A. 经常模仿,A. 是（如易怒、焦虑、抑郁）,A. 是,A. 是,A. 是,A. 是,A. 经常模仿,A. 是,B. 消极影响更多,C. 不够,A. 非常支持,A. 是,(空),(空),250,1,0,0,0,0,1,0,0,0,1,0,0,0,A,A,A,B,A,E,A,B,D,A,A,A,A,A,A,A,A,B,C,A,A,,1.0,1.0,1.0,1.0,1.0,1.0,5.0,0
2025/3/12 23:51:21,159秒,微信,,D. 18岁以上  ,A. 男,C. 2-4小时,C. 听说过但不了解,A. 快手等短视频平台┋C. 新闻报道,B. 偶尔观看,A. 慢节奏生活（如手工、园艺等）┋B. 低俗或猎奇行为（如吃地果、擦边、未成年怀孕、老幼恋爱视频等）,D. 不太喜欢,A. 是,15-18岁,C. 2-3小时,B. 偶尔,A. 搞笑类,B. 偶尔模仿,B. 否,B. 否,B. 否,B. 否,B. 否,D. 从不模仿,B. 否,C. 既有积极也有消极影响,B. 比较足够,D. 无所谓,C. 不确定,(空),(空),159,1,0,1,0,1,1,0,0,1,0,0,0,0,D,A,C,C,B,D,A,C,B,B,B,B,B,B,B,D,B,C,B,D,C,0.0,0.0,0.0,0.0,0.0,0.0,0.6666666666666666,0.0,0
2025/3/13 0:03:58,97秒,微信,,D. 18岁以上  ,B. 女,A. 少于1小时,D. 完全不了解,B. 朋友或同学,C. 从未观看,D.其他,C. 中立,B. 否,,,,,,,,,,,,,C. 既有积极也有消极影响,C. 不够,A. 非常支持,A. 是,(空),(空),97,0,1,0,0,0,0,0,1,0,0,0,0,0,D,B,A,D,C,C,B,,,,,,,,,,,C,C,A,A,,,,,,,,0.0,0
2025/3/13 0:30:26,117秒,微信,,D. 18岁以上  ,B. 女,C. 2-4小时,C. 听说过但不了解,A. 快手等短视频平台┋B. 朋友或同学,B. 偶尔观看,B. 低俗或猎奇行为（如吃地果、擦边、未成年怀孕、老幼恋爱视频等）┋C. 负能量相关内容（死亡妆容、引导自残、自杀等内容）,D. 不太喜欢,A. 是,13-15岁,D. 3小时以上,A. 经常,B. 低俗类,C. 很少模仿,C. 不确定,C. 不确定,A. 是,A. 是,C. 不确定,B. 偶尔模仿,C. 不确定,B. 消极影响更多,C. 不够,B. 比较支持,A. 是,(空),(空),117,1,1,0,0,0,1,1,0,0,1,0,0,0,D,B,C,C,B,D,A,D,A,C,C,C,A,A,C,B,C,B,C,B,A,0.5,0.5,1.0,1.0,0.5,0.6666666666666666,0.3333333333333333,4.166666666666667,1
2025/3/13 8:32:16,121秒,微信,,D. 18岁以上  ,B. 女,B. 1-2小时,D. 完全不了解,B. 朋友或同学,C. 从未观看,A. 慢节奏生活（如手工、园艺等）,C. 中立,B. 否,,,,,,,,,,,,,C. 既有积极也有消极影响,C. 不够,A. 非常支持,A. 是,123,123,121,0,1,0,0,1,0,0,0,0,0,0,0,0,D,B,B,D,C,C,B,,,,,,,,,,,C,C,A,A,,,,,,,,0.0,0
2025/3/13 13:03:18,167秒,微信,,C. 16-18岁  ,B. 女,B. 1-2小时,B. 了解一些,C. 新闻报道,B. 偶尔观看,B. 低俗或猎奇行为（如吃地果、擦边、未成年怀孕、老幼恋爱视频等）┋C. 负能量相关内容（死亡妆容、引导自残、自杀等内容）,E. 非常反感,A. 是,13-15岁,B. 1-2小时,B. 偶尔,B. 低俗类,B. 偶尔模仿,A. 是（如易怒、焦虑、抑郁）,A. 是,A. 是,C. 不确定,A. 是,B. 偶尔模仿,A. 是,B. 消极影响更多,C. 不够,A. 非常支持,A. 是,影响价值观,减少此类事件,167,0,0,1,0,0,1,1,0,0,1,0,0,0,C,B,B,B,B,E,A,B,B,B,A,A,A,C,A,B,A,B,C,A,A,,1.0,1.0,0.5,1.0,0.6666666666666666,0.6666666666666666,4.166666666666667,0
2025/3/13 14:16:45,91秒,微信,,D. 18岁以上  ,B. 女,B. 1-2小时,C. 听说过但不了解,A. 快手等短视频平台┋B. 朋友或同学,B. 偶尔观看,A. 慢节奏生活（如手工、园艺等）,C. 中立,A. 是,13-15岁,D. 3小时以上,A. 经常,D. 生活类,B. 偶尔模仿,B. 否,C. 不确定,C. 不确定,C. 不确定,B. 否,C. 很少模仿,B. 否,C. 既有积极也有消极影响,C. 不够,A. 非常支持,A. 是,暂无,暂无,91,1,1,0,0,1,0,0,0,0,0,0,1,0,D,B,B,C,B,C,A,D,A,B,B,C,C,C,B,C,B,C,C,A,A,0.0,0.5,0.5,0.5,0.0,0.3333333333333333,0.6666666666666666,1.8333333333333333,0
2025/3/13 15:37:00,93秒,微信,,A. 12岁以下  ,A. 男,A. 少于1小时,A. 非常了解,B. 朋友或同学┋C. 新闻报道,A. 经常观看,A. 慢节奏生活（如手工、园艺等）┋D.其他,B. 比较喜欢,B. 否,,,,,,,,,,,,,B. 消极影响更多,B. 比较足够,B. 比较支持,A. 是,(空),无,93,0,1,1,0,1,0,0,1,0,0,0,0,0,A,A,A,A,A,B,B,,,,,,,,,,,B,B,B,A,,,,,,,,0.0,0
2025/3/13 15:38:52,99秒,微信,,D. 18岁以上  ,B. 女,B. 1-2小时,C. 听说过但不了解,B. 朋友或同学,C. 从未观看,B. 低俗或猎奇行为（如吃地果、擦边、未成年怀孕、老幼恋爱视频等）,E. 非常反感,A. 是,13-15岁,C. 2-3小时,C. 很少,B. 低俗类,C. 很少模仿,C. 不确定,C. 不确定,C. 不确定,A. 是,A. 是,C. 很少模仿,C. 不确定,B. 消极影响更多,C. 不够,A. 非常支持,A. 是,(空),(空),99,0,1,0,0,0,1,0,0,0,1,0,0,0,D,B,B,C,C,E,A,C,C,C,C,C,C,A,A,C,C,B,C,A,A,0.5,0.5,0.5,1.0,1.0,0.3333333333333333,0.3333333333333333,3.8333333333333335,0
2025/3/13 16:12:44,286秒,微信,,D. 18岁以上  ,B. 女,B. 1-2小时,B. 了解一些,A. 快手等短视频平台┋B. 朋友或同学,C. 从未观看,A. 慢节奏生活（如手工、园艺等）,D. 不太喜欢,B. 否,,,,,,,,,,,,,B. 消极影响更多,C. 不够,A. 非常支持,C. 不确定,心理扭曲，内心灰暗面增加,让它的内容逐步走向正能量，赋予慢脚文化这个词新的定义,286,1,1,0,0,1,0,0,0,0,0,0,0,0,D,B,B,B,C,D,B,,,,,,,,,,,B,C,A,C,,,,,,,,0.0,0
2025/3/13 16:18:24,122秒,微信,,C. 16-18岁  ,B. 女,C. 2-4小时,B. 了解一些,A. 快手等短视频平台┋D. 其他（请注明）,C. 从未观看,B. 低俗或猎奇行为（如吃地果、擦边、未成年怀孕、老幼恋爱视频等）┋C. 负能量相关内容（死亡妆容、引导自残、自杀等内容）,E. 非常反感,B. 否,,,,,,,,,,,,,B. 消极影响更多,C. 不够,A. 非常支持,C. 不确定,容易早熟,建议快手大力抵制,122,1,0,0,1,0,1,1,0,0,0,0,0,0,C,B,C,B,C,E,B,,,,,,,,,,,B,C,A,C,,,,,,,,0.0,0
2025/3/13 17:25:05,198秒,微信,,D. 18岁以上  ,B. 女,A. 少于1小时,B. 了解一些,A. 快手等短视频平台,B. 偶尔观看,B. 低俗或猎奇行为（如吃地果、擦边、未成年怀孕、老幼恋爱视频等）┋C. 负能量相关内容（死亡妆容、引导自残、自杀等内容）,E. 非常反感,A. 是,10-13岁,B. 1-2小时,B. 偶尔,A. 搞笑类,B. 偶尔模仿,A. 是（如易怒、焦虑、抑郁）,A. 是,C. 不确定,A. 是,A. 是,A. 经常模仿,B. 否,B. 消极影响更多,C. 不够,A. 非常支持,A. 是,个性的塑造歪曲,加大监管力度,198,1,0,0,0,0,1,1,0,1,0,0,0,0,D,B,A,B,B,E,A,B,B,B,A,A,C,A,A,A,B,B,C,A,A,,1.0,0.5,1.0,1.0,1.0,0.6666666666666666,4.5,1
2025/3/13 17:37:07,196秒,微信,,C. 16-18岁  ,B. 女,B. 1-2小时,A. 非常了解,B. 朋友或同学┋D. 其他（请注明）〖微博小红书〗,B. 偶尔观看,B. 低俗或猎奇行为（如吃地果、擦边、未成年怀孕、老幼恋爱视频等）┋C. 负能量相关内容（死亡妆容、引导自残、自杀等内容）,D. 不太喜欢,A. 是,13-15岁,D. 3小时以上,A. 经常,A. 搞笑类,A. 经常模仿,A. 是（如易怒、焦虑、抑郁）,B. 否,A. 是,A. 是,B. 否,B. 偶尔模仿,B. 否,B. 消极影响更多,D. 完全不够,B. 比较支持,A. 是,阻止青少年长成正常的三观，会导致盲目跟风模仿,平台加强监管，杜绝有害信息传播，对其进行下架或限流等措施,196,0,1,0,1,0,1,1,0,1,0,0,0,0,C,B,B,A,B,D,A,D,A,A,A,B,A,A,B,B,B,B,D,B,A,,0.0,1.0,1.0,0.0,0.6666666666666666,1.0,2.6666666666666665,0
2025/3/13 17:51:48,92秒,微信,,D. 18岁以上  ,B. 女,D. 4小时以上,B. 了解一些,B. 朋友或同学┋C. 新闻报道,B. 偶尔观看,B. 低俗或猎奇行为（如吃地果、擦边、未成年怀孕、老幼恋爱视频等）┋C. 负能量相关内容（死亡妆容、引导自残、自杀等内容）,C. 中立,A. 是,13-15岁,B. 1-2小时,C. 很少,C. 正能量类,C. 很少模仿,A. 是（如易怒、焦虑、抑郁）,B. 否,B. 否,B. 否,B. 否,C. 很少模仿,B. 否,C. 既有积极也有消极影响,B. 比较足够,C. 不支持,B. 否,没有,没有,92,0,1,1,0,0,1,1,0,0,0,1,0,0,D,B,D,B,B,C,A,B,C,C,A,B,B,B,B,C,B,C,B,C,B,,0.0,0.0,0.0,0.0,0.3333333333333333,0.3333333333333333,0.3333333333333333,0
2025/3/13 23:36:07,100秒,微信,,D. 18岁以上  ,B. 女,A. 少于1小时,C. 听说过但不了解,A. 快手等短视频平台,C. 从未观看,B. 低俗或猎奇行为（如吃地果、擦边、未成年怀孕、老幼恋爱视频等）,E. 非常反感,A. 是,10-13岁,B. 1-2小时,A. 经常,D. 生活类,A. 经常模仿,A. 是（如易怒、焦虑、抑郁）,B. 否,C. 不确定,A. 是,C. 不确定,B. 偶尔模仿,C. 不确定,B. 消极影响更多,C. 不够,A. 非常支持,A. 是,(空),(空),100,1,0,0,0,0,1,0,0,0,0,0,1,0,D,B,A,C,C,E,A,B,A,A,A,B,C,A,C,B,C,B,C,A,A,,0.0,0.5,1.0,0.5,0.6666666666666666,1.0,2.6666666666666665,0
2025/3/14 10:43:28,92秒,微信,,D. 18岁以上  ,B. 女,A. 少于1小时,B. 了解一些,A. 快手等短视频平台,B. 偶尔观看,A. 慢节奏生活（如手工、园艺等）,C. 中立,A. 是,15-18岁,B. 1-2小时,B. 偶尔,A. 搞笑类,B. 偶尔模仿,B. 否,B. 否,B. 否,B. 否,C. 不确定,B. 偶尔模仿,A. 是,C. 既有积极也有消极影响,B. 比较足够,B. 比较支持,A. 是,(空),(空),92,1,0,0,0,1,0,0,0,1,0,0,0,0,D,B,A,B,B,C,A,B,B,B,B,B,B,B,C,B,A,C,B,B,A,0.0,0.0,0.0,0.0,0.5,0.6666666666666666,0.6666666666666666,1.1666666666666665,0
2025/3/14 10:45:51,116秒,微信,,D. 18岁以上  ,B. 女,A. 少于1小时,B. 了解一些,A. 快手等短视频平台┋B. 朋友或同学,B. 偶尔观看,A. 慢节奏生活（如手工、园艺等）┋B. 低俗或猎奇行为（如吃地果、擦边、未成年怀孕、老幼恋爱视频等）,D. 不太喜欢,A. 是,13-15岁,C. 2-3小时,B. 偶尔,A. 搞笑类,A. 经常模仿,B. 否,C. 不确定,C. 不确定,A. 是,A. 是,B. 偶尔模仿,A. 是,C. 既有积极也有消极影响,C. 不够,A. 非常支持,A. 是,一些负面视频会引导心智不完全的青少年学习,增加审核力度,116,1,1,0,0,1,1,0,0,1,0,0,0,0,D,B,A,B,B,D,A,C,B,A,B,C,C,A,A,B,A,C,C,A,A,0.0,0.5,0.5,1.0,1.0,0.6666666666666666,1.0,3.6666666666666665,0
2025/3/14 10:55:52,440秒,微信,,D. 18岁以上  ,B. 女,B. 1-2小时,C. 听说过但不了解,B. 朋友或同学┋C. 新闻报道,C. 从未观看,B. 低俗或猎奇行为（如吃地果、擦边、未成年怀孕、老幼恋爱视频等）,C. 中立,A. 是,15-18岁,C. 2-3小时,B. 偶尔,A. 搞笑类,C. 很少模仿,B. 否,B. 否,B. 否,B. 否,B. 否,B. 偶尔模仿,B. 否,B. 消极影响更多,B. 比较足够,B. 比较支持,B. 否,价值观的严重扭曲，心理健康的威胁,法律道德的示范,440,0,1,1,0,0,1,0,0,1,0,0,0,0,D,B,B,C,C,C,A,C,B,C,B,B,B,B,B,B,B,B,B,B,B,0.0,0.0,0.0,0.0,0.0,0.6666666666666666,0.3333333333333333,0.6666666666666666,1
2025/3/14 14:31:51,109秒,微信,,D. 18岁以上  ,B. 女,A. 少于1小时,B. 了解一些,A. 快手等短视频平台,C. 从未观看,B. 低俗或猎奇行为（如吃地果、擦边、未成年怀孕、老幼恋爱视频等）┋C. 负能量相关内容（死亡妆容、引导自残、自杀等内容）,E. 非常反感,A. 是,13-15岁,D. 3小时以上,A. 经常,B. 低俗类,A. 经常模仿,A. 是（如易怒、焦虑、抑郁）,A. 是,A. 是,A. 是,A. 是,A. 经常模仿,A. 是,B. 消极影响更多,D. 完全不够,A. 非常支持,A. 是,身心健康,依法抵制,109,1,0,0,0,0,1,1,0,0,1,0,0,0,D,B,A,B,C,E,A,D,A,A,A,A,A,A,A,A,A,B,D,A,A,,1.0,1.0,1.0,1.0,1.0,1.0,5.0,0
2025/3/14 14:33:20,60秒,微信,,D. 18岁以上  ,B. 女,D. 4小时以上,C. 听说过但不了解,A. 快手等短视频平台┋B. 朋友或同学,A. 经常观看,A. 慢节奏生活（如手工、园艺等）┋B. 低俗或猎奇行为（如吃地果、擦边、未成年怀孕、老幼恋爱视频等）┋C. 负能量相关内容（死亡妆容、引导自残、自杀等内容）,A. 非常喜欢,A. 是,15-18岁,D. 3小时以上,C. 很少,A. 搞笑类,D. 从不模仿,B. 否,B. 否,A. 是,A. 是,A. 是,C. 很少模仿,B. 否,C. 既有积极也有消极影响,A. 非常足够,A. 非常支持,A. 是,(空),(空),60,1,1,0,0,1,1,1,0,1,0,0,0,0,D,B,D,C,A,A,A,D,C,D,B,B,A,A,A,C,B,C,A,A,A,0.0,0.0,1.0,1.0,1.0,0.3333333333333333,0.0,3.3333333333333335,1
2025/3/14 14:50:23,97秒,微信,,D. 18岁以上  ,B. 女,A. 少于1小时,C. 听说过但不了解,A. 快手等短视频平台,B. 偶尔观看,A. 慢节奏生活（如手工、园艺等）,C. 中立,A. 是,15-18岁,C. 2-3小时,B. 偶尔,A. 搞笑类,A. 经常模仿,B. 否,B. 否,B. 否,A. 是,B. 否,B. 偶尔模仿,B. 否,C. 既有积极也有消极影响,C. 不够,B. 比较支持,A. 是,(空),(空),97,1,0,0,0,1,0,0,0,1,0,0,0,0,D,B,A,C,B,C,A,C,B,A,B,B,B,A,B,B,B,C,C,B,A,0.0,0.0,0.0,1.0,0.0,0.6666666666666666,1.0,1.6666666666666665,0
2025/3/14 14:54:16,204秒,微信,,D. 18岁以上  ,B. 女,B. 1-2小时,C. 听说过但不了解,A. 快手等短视频平台,C. 从未观看,A. 慢节奏生活（如手工、园艺等）,E. 非常反感,B. 否,,,,,,,,,,,,,B. 消极影响更多,D. 完全不够,A. 非常支持,A. 是,影响青少年形成争取的三观，很不正确,加强内容审核，有低俗的剧情内容或穿搭妆容的直接封号。,204,1,0,0,0,1,0,0,0,0,0,0,0,0,D,B,B,C,C,E,B,,,,,,,,,,,B,D,A,A,,,,,,,,0.0,0
2025/3/14 15:13:49,103秒,微信,,D. 18岁以上  ,B. 女,A. 少于1小时,D. 完全不了解,A. 快手等短视频平台,C. 从未观看,A. 慢节奏生活（如手工、园艺等）,C. 中立,B. 否,,,,,,,,,,,,,C. 既有积极也有消极影响,C. 不够,A. 非常支持,A. 是,(空),(空),103,1,0,0,0,1,0,0,0,0,0,0,0,0,D,B,A,D,C,C,B,,,,,,,,,,,C,C,A,A,,,,,,,,0.0,0
2025/3/14 15:24:24,91秒,微信,,D. 18岁以上  ,B. 女,B. 1-2小时,C. 听说过但不了解,A. 快手等短视频平台,C. 从未观看,A. 慢节奏生活（如手工、园艺等）,C. 中立,A. 是,10-13岁,D. 3小时以上,B. 偶尔,B. 低俗类,B. 偶尔模仿,C. 不确定,C. 不确定,C. 不确定,A. 是,C. 不确定,B. 偶尔模仿,C. 不确定,C. 既有积极也有消极影响,C. 不够,B. 比较支持,C. 不确定,影响思维逻辑,线上观看时长,91,1,0,0,0,1,0,0,0,0,1,0,0,0,D,B,B,C,C,C,A,D,B,B,C,C,C,A,C,B,C,C,C,B,C,0.5,0.5,0.5,1.0,0.5,0.6666666666666666,0.6666666666666666,3.6666666666666665,0
2025/3/14 15:25:39,141秒,微信,,D. 18岁以上  ,B. 女,A. 少于1小时,B. 了解一些,D. 其他（请注明）〖抖音〗,B. 偶尔观看,B. 低俗或猎奇行为（如吃地果、擦边、未成年怀孕、老幼恋爱视频等）┋C. 负能量相关内容（死亡妆容、引导自残、自杀等内容）,E. 非常反感,B. 否,,,,,,,,,,,,,B. 消极影响更多,D. 完全不够,A. 非常支持,A. 是,影响身心健康,直接封号可不可以 太反感了,141,0,0,0,1,0,1,1,0,0,0,0,0,0,D,B,A,B,B,E,B,,,,,,,,,,,B,D,A,A,,,,,,,,0.0,0
2025/3/14 15:30:54,152秒,微信,,D. 18岁以上  ,B. 女,B. 1-2小时,D. 完全不了解,B. 朋友或同学,C. 从未观看,A. 慢节奏生活（如手工、园艺等）,C. 中立,A. 是,10-13岁,A. 少于1小时,B. 偶尔,E.其他〖影视、漫画〗,B. 偶尔模仿,A. 是（如易怒、焦虑、抑郁）,A. 是,C. 不确定,C. 不确定,C. 不确定,C. 很少模仿,A. 是,B. 消极影响更多,C. 不够,A. 非常支持,C. 不确定,(空),(空),152,0,1,0,0,1,0,0,0,0,0,0,0,1,D,B,B,D,C,C,A,A,B,B,A,A,C,C,C,C,A,B,C,A,C,,1.0,0.5,0.5,0.5,0.3333333333333333,0.6666666666666666,2.8333333333333335,0
2025/3/14 15:31:48,205秒,微信,,D. 18岁以上  ,B. 女,A. 少于1小时,B. 了解一些,A. 快手等短视频平台┋C. 新闻报道┋D. 其他（请注明）〖抖音〗,B. 偶尔观看,B. 低俗或猎奇行为（如吃地果、擦边、未成年怀孕、老幼恋爱视频等）┋C. 负能量相关内容（死亡妆容、引导自残、自杀等内容）,D. 不太喜欢,A. 是,15-18岁,A. 少于1小时,C. 很少,A. 搞笑类,C. 很少模仿,B. 否,B. 否,B. 否,B. 否,C. 不确定,D. 从不模仿,B. 否,B. 消极影响更多,C. 不够,B. 比较支持,A. 是,(空),(空),205,1,0,1,1,0,1,1,0,1,0,0,0,0,D,B,A,B,B,D,A,A,C,C,B,B,B,B,C,D,B,B,C,B,A,0.0,0.0,0.0,0.0,0.5,0.0,0.3333333333333333,0.5,0
2025/3/14 15:32:12,115秒,微信,,D. 18岁以上  ,A. 男,A. 少于1小时,D. 完全不了解,A. 快手等短视频平台,C. 从未观看,D.其他,E. 非常反感,B. 否,,,,,,,,,,,,,B. 消极影响更多,D. 完全不够,A. 非常支持,A. 是,有些视频审核不过关，有一些低俗的内容会影响青少年的身心发育以及带坏青少年的价值观,整改。消除掉低俗的短视频内容封禁一些低俗的账号以及营销号等,115,1,0,0,0,0,0,0,1,0,0,0,0,0,D,A,A,D,C,E,B,,,,,,,,,,,B,D,A,A,,,,,,,,0.0,0
2025/3/14 15:32:35,233秒,微信,,D. 18岁以上  ,B. 女,C. 2-4小时,B. 了解一些,A. 快手等短视频平台┋C. 新闻报道,B. 偶尔观看,A. 慢节奏生活（如手工、园艺等）,C. 中立,A. 是,10-13岁,B. 1-2小时,B. 偶尔,A. 搞笑类,B. 偶尔模仿,B. 否,B. 否,B. 否,B. 否,B. 否,D. 从不模仿,B. 否,C. 既有积极也有消极影响,B. 比较足够,B. 比较支持,A. 是,思想影响,加强对未成年的管控,233,1,0,1,0,1,0,0,0,1,0,0,0,0,D,B,C,B,B,C,A,B,B,B,B,B,B,B,B,D,B,C,B,B,A,0.0,0.0,0.0,0.0,0.0,0.0,0.6666666666666666,0.0,0
2025/3/14 15:33:11,225秒,微信,,D. 18岁以上  ,B. 女,B. 1-2小时,B. 了解一些,A. 快手等短视频平台┋B. 朋友或同学,B. 偶尔观看,A. 慢节奏生活（如手工、园艺等）┋B. 低俗或猎奇行为（如吃地果、擦边、未成年怀孕、老幼恋爱视频等）┋C. 负能量相关内容（死亡妆容、引导自残、自杀等内容）,C. 中立,A. 是,13-15岁,C. 2-3小时,B. 偶尔,A. 搞笑类,B. 偶尔模仿,A. 是（如易怒、焦虑、抑郁）,A. 是,A. 是,A. 是,A. 是,B. 偶尔模仿,A. 是,C. 既有积极也有消极影响,B. 比较足够,A. 非常支持,A. 是,消极的影响他们的身心,尽量整改或者限制再高点,225,1,1,0,0,1,1,1,0,1,0,0,0,0,D,B,B,B,B,C,A,C,B,B,A,A,A,A,A,B,A,C,B,A,A,,1.0,1.0,1.0,1.0,0.6666666666666666,0.6666666666666666,4.666666666666667,0
2025/3/14 15:34:38,104秒,微信,,D. 18岁以上  ,A. 男,A. 少于1小时,B. 了解一些,B. 朋友或同学,C. 从未观看,B. 低俗或猎奇行为（如吃地果、擦边、未成年怀孕、老幼恋爱视频等）┋C. 负能量相关内容（死亡妆容、引导自残、自杀等内容）,E. 非常反感,A. 是,10-13岁,B. 1-2小时,A. 经常,E.其他,B. 偶尔模仿,C. 不确定,C. 不确定,C. 不确定,C. 不确定,C. 不确定,C. 很少模仿,B. 否,C. 既有积极也有消极影响,C. 不够,B. 比较支持,C. 不确定,(空),(空),104,0,1,0,0,0,1,1,0,0,0,0,0,1,D,A,A,B,C,E,A,B,A,B,C,C,C,C,C,C,B,C,C,B,C,0.5,0.5,0.5,0.5,0.5,0.3333333333333333,0.6666666666666666,2.8333333333333335,0
2025/3/14 15:35:03,137秒,微信,,A. 12岁以下  ,B. 女,A. 少于1小时,B. 了解一些,A. 快手等短视频平台┋C. 新闻报道,C. 从未观看,B. 低俗或猎奇行为（如吃地果、擦边、未成年怀孕、老幼恋爱视频等）┋C. 负能量相关内容（死亡妆容、引导自残、自杀等内容）,E. 非常反感,B. 否,,,,,,,,,,,,,B. 消极影响更多,C. 不够,A. 非常支持,C. 不确定,。,。,137,1,0,1,0,0,1,1,0,0,0,0,0,0,A,B,A,B,C,E,B,,,,,,,,,,,B,C,A,C,,,,,,,,0.0,0
2025/3/14 15:53:35,706秒,微信,,D. 18岁以上  ,A. 男,C. 2-4小时,C. 听说过但不了解,A. 快手等短视频平台┋C. 新闻报道,B. 偶尔观看,A. 慢节奏生活（如手工、园艺等）,C. 中立,B. 否,,,,,,,,,,,,,C. 既有积极也有消极影响,C. 不够,A. 非常支持,A. 是,影响青少年正确价值观的形成。“慢脚文化”会给尚未形成正确、稳定的价值观的青少年灌输入一些不正确的价值观，如拜金主义还有一些暴力、流量至上等错误观念。并且，在短视频平台中，这些“慢脚文化”相关内容的短视频可能会引导青少年模仿，危机青少年的身体健康安全。,短视频平台要加强管控，提高审核标准。教育平台要加强对青少年形成正确价值观的帮助。,706,1,0,1,0,1,0,0,0,0,0,0,0,0,D,A,C,C,B,C,B,,,,,,,,,,,C,C,A,A,,,,,,,,0.0,0
2025/3/14 16:25:58,405秒,微信,,D. 18岁以上  ,B. 女,A. 少于1小时,C. 听说过但不了解,A. 快手等短视频平台┋B. 朋友或同学,B. 偶尔观看,A. 慢节奏生活（如手工、园艺等）┋B. 低俗或猎奇行为（如吃地果、擦边、未成年怀孕、老幼恋爱视频等）,E. 非常反感,A. 是,13-15岁,D. 3小时以上,B. 偶尔,A. 搞笑类,C. 很少模仿,C. 不确定,C. 不确定,A. 是,A. 是,C. 不确定,B. 偶尔模仿,A. 是,B. 消极影响更多,D. 完全不够,A. 非常支持,B. 否,可能导致畸形的审美，让更多青少年模仿喝酒、网恋不良行为,短视频平台加强管制和监督，大数据推送更多优质和积极引导的视频,405,1,1,0,0,1,1,0,0,1,0,0,0,0,D,B,A,C,B,E,A,D,B,C,C,C,A,A,C,B,A,B,D,A,B,0.5,0.5,1.0,1.0,0.5,0.6666666666666666,0.3333333333333333,4.166666666666667,1
2025/3/14 16:31:01,90秒,微信,,D. 18岁以上  ,B. 女,B. 1-2小时,C. 听说过但不了解,A. 快手等短视频平台,C. 从未观看,B. 低俗或猎奇行为（如吃地果、擦边、未成年怀孕、老幼恋爱视频等）┋C. 负能量相关内容（死亡妆容、引导自残、自杀等内容）,E. 非常反感,A. 是,10-13岁,D. 3小时以上,A. 经常,A. 搞笑类,A. 经常模仿,A. 是（如易怒、焦虑、抑郁）,A. 是,A. 是,A. 是,A. 是,A. 经常模仿,A. 是,B. 消极影响更多,C. 不够,A. 非常支持,A. 是,消极影响,加强管制,90,1,0,0,0,0,1,1,0,1,0,0,0,0,D,B,B,C,C,E,A,D,A,A,A,A,A,A,A,A,A,B,C,A,A,,1.0,1.0,1.0,1.0,1.0,1.0,5.0,0
2025/3/14 23:50:22,85秒,微信,,D. 18岁以上  ,B. 女,A. 少于1小时,B. 了解一些,B. 朋友或同学,C. 从未观看,B. 低俗或猎奇行为（如吃地果、擦边、未成年怀孕、老幼恋爱视频等）,E. 非常反感,B. 否,,,,,,,,,,,,,B. 消极影响更多,C. 不够,A. 非常支持,B. 否,会影响青少年的价值观，让他们模仿这种所谓的潮流,增加监管，学校也要有相关的教育,85,0,1,0,0,0,1,0,0,0,0,0,0,0,D,B,A,B,C,E,B,,,,,,,,,,,B,C,A,B,,,,,,,,0.0,0
2025/3/18 14:47:05,72秒,微信,,D. 18岁以上  ,A. 男,A. 少于1小时,B. 了解一些,A. 快手等短视频平台,C. 从未观看,B. 低俗或猎奇行为（如吃地果、擦边、未成年怀孕、老幼恋爱视频等）┋C. 负能量相关内容（死亡妆容、引导自残、自杀等内容）,E. 非常反感,B. 否,,,,,,,,,,,,,C. 既有积极也有消极影响,D. 完全不够,A. 非常支持,A. 是,扭曲三观,严加管教,72,1,0,0,0,0,1,1,0,0,0,0,0,0,D,A,A,B,C,E,B,,,,,,,,,,,C,D,A,A,,,,,,,,0.0,0
2025/3/18 14:47:27,71秒,微信,,D. 18岁以上  ,B. 女,C. 2-4小时,B. 了解一些,A. 快手等短视频平台,C. 从未观看,B. 低俗或猎奇行为（如吃地果、擦边、未成年怀孕、老幼恋爱视频等）┋C. 负能量相关内容（死亡妆容、引导自残、自杀等内容）,E. 非常反感,A. 是,10-13岁,C. 2-3小时,B. 偶尔,B. 低俗类,B. 偶尔模仿,B. 否,B. 否,B. 否,B. 否,B. 否,B. 偶尔模仿,A. 是,B. 消极影响更多,C. 不够,A. 非常支持,B. 否,(空),(空),71,1,0,0,0,0,1,1,0,0,1,0,0,0,D,B,C,B,C,E,A,C,B,B,B,B,B,B,B,B,A,B,C,A,B,0.0,0.0,0.0,0.0,0.0,0.6666666666666666,0.6666666666666666,0.6666666666666666,0
2025/3/18 14:48:46,69秒,微信,,D. 18岁以上  ,B. 女,A. 少于1小时,A. 非常了解,A. 快手等短视频平台┋B. 朋友或同学┋C. 新闻报道,C. 从未观看,B. 低俗或猎奇行为（如吃地果、擦边、未成年怀孕、老幼恋爱视频等）┋C. 负能量相关内容（死亡妆容、引导自残、自杀等内容）,E. 非常反感,A. 是,13-15岁,D. 3小时以上,A. 经常,B. 低俗类,B. 偶尔模仿,A. 是（如易怒、焦虑、抑郁）,A. 是,A. 是,A. 是,A. 是,B. 偶尔模仿,B. 否,C. 既有积极也有消极影响,D. 完全不够,A. 非常支持,A. 是,无,无,69,1,1,1,0,0,1,1,0,0,1,0,0,0,D,B,A,A,C,E,A,D,A,B,A,A,A,A,A,B,B,C,D,A,A,,1.0,1.0,1.0,1.0,0.6666666666666666,0.6666666666666666,4.666666666666667,0
2025/3/18 14:48:51,88秒,微信,,D. 18岁以上  ,B. 女,C. 2-4小时,B. 了解一些,A. 快手等短视频平台,B. 偶尔观看,B. 低俗或猎奇行为（如吃地果、擦边、未成年怀孕、老幼恋爱视频等）┋C. 负能量相关内容（死亡妆容、引导自残、自杀等内容）,E. 非常反感,A. 是,10-13岁,B. 1-2小时,C. 很少,B. 低俗类,A. 经常模仿,A. 是（如易怒、焦虑、抑郁）,A. 是,C. 不确定,C. 不确定,C. 不确定,A. 经常模仿,A. 是,B. 消极影响更多,C. 不够,A. 非常支持,A. 是,(空),(空),88,1,0,0,0,0,1,1,0,0,1,0,0,0,D,B,C,B,B,E,A,B,C,A,A,A,C,C,C,A,A,B,C,A,A,,1.0,0.5,0.5,0.5,1.0,1.0,3.5,0
2025/3/18 14:50:04,155秒,微信,,D. 18岁以上  ,B. 女,A. 少于1小时,B. 了解一些,A. 快手等短视频平台,B. 偶尔观看,B. 低俗或猎奇行为（如吃地果、擦边、未成年怀孕、老幼恋爱视频等）┋C. 负能量相关内容（死亡妆容、引导自残、自杀等内容）,E. 非常反感,B. 否,,,,,,,,,,,,,B. 消极影响更多,C. 不够,A. 非常支持,C. 不确定,引导青少年有不正确的三观,希望正向扼制这类内容,155,1,0,0,0,0,1,1,0,0,0,0,0,0,D,B,A,B,B,E,B,,,,,,,,,,,B,C,A,C,,,,,,,,0.0,0
2025/3/18 14:50:28,151秒,微信,,D. 18岁以上  ,B. 女,C. 2-4小时,C. 听说过但不了解,A. 快手等短视频平台┋B. 朋友或同学,C. 从未观看,A. 慢节奏生活（如手工、园艺等）,C. 中立,A. 是,15-18岁,B. 1-2小时,B. 偶尔,D. 生活类,D. 从不模仿,B. 否,B. 否,B. 否,A. 是,B. 否,B. 偶尔模仿,C. 不确定,C. 既有积极也有消极影响,B. 比较足够,A. 非常支持,B. 否,无,无,151,1,1,0,0,1,0,0,0,0,0,0,1,0,D,B,C,C,C,C,A,B,B,D,B,B,B,A,B,B,C,C,B,A,B,0.0,0.0,0.0,1.0,0.0,0.6666666666666666,0.0,1.6666666666666665,1
2025/3/18 14:51:28,349秒,微信,,D. 18岁以上  ,B. 女,A. 少于1小时,C. 听说过但不了解,A. 快手等短视频平台┋D. 其他（请注明）〖小红书搜索〗,C. 从未观看,B. 低俗或猎奇行为（如吃地果、擦边、未成年怀孕、老幼恋爱视频等）┋C. 负能量相关内容（死亡妆容、引导自残、自杀等内容）,E. 非常反感,B. 否,,,,,,,,,,,,,B. 消极影响更多,C. 不够,A. 非常支持,C. 不确定,没有正确的婚恋观 令老幼恋盛行,封杀所有老幼恋 这最大收益者是谁我不说 恋童ex,349,1,0,0,1,0,1,1,0,0,0,0,0,0,D,B,A,C,C,E,B,,,,,,,,,,,B,C,A,C,,,,,,,,0.0,0
2025/3/18 14:53:04,67秒,手机提交,直接访问,B. 12-15岁  ,B. 女,B. 1-2小时,B. 了解一些,B. 朋友或同学,A. 经常观看,B. 低俗或猎奇行为（如吃地果、擦边、未成年怀孕、老幼恋爱视频等）┋C. 负能量相关内容（死亡妆容、引导自残、自杀等内容）,B. 比较喜欢,A. 是,13-15岁,A. 少于1小时,C. 很少,C. 正能量类,B. 偶尔模仿,B. 否,B. 否,A. 是,A. 是,B. 否,A. 经常模仿,B. 否,A. 积极影响更多,B. 比较足够,B. 比较支持,B. 否,(空),(空),67,0,1,0,0,0,1,1,0,0,0,1,0,0,B,B,B,B,A,B,A,A,C,B,B,B,A,A,B,A,B,A,B,B,B,0.0,0.0,1.0,1.0,0.0,1.0,0.6666666666666666,3.0,1
2025/3/18 14:53:25,179秒,微信,,D. 18岁以上  ,B. 女,B. 1-2小时,A. 非常了解,A. 快手等短视频平台┋B. 朋友或同学┋C. 新闻报道┋D. 其他（请注明）,A. 经常观看,A. 慢节奏生活（如手工、园艺等）┋B. 低俗或猎奇行为（如吃地果、擦边、未成年怀孕、老幼恋爱视频等）┋C. 负能量相关内容（死亡妆容、引导自残、自杀等内容）,E. 非常反感,A. 是,10岁以下,C. 2-3小时,A. 经常,A. 搞笑类,B. 偶尔模仿,C. 不确定,C. 不确定,C. 不确定,C. 不确定,C. 不确定,C. 很少模仿,A. 是,B. 消极影响更多,D. 完全不够,A. 非常支持,A. 是,(空),(空),179,1,1,1,1,1,1,1,0,1,0,0,0,0,D,B,B,A,A,E,A,C,A,B,C,C,C,C,C,C,A,B,D,A,A,0.5,0.5,0.5,0.5,0.5,0.3333333333333333,0.6666666666666666,2.8333333333333335,0
2025/3/18 14:54:41,166秒,微信,,D. 18岁以上  ,B. 女,B. 1-2小时,B. 了解一些,B. 朋友或同学,B. 偶尔观看,A. 慢节奏生活（如手工、园艺等）┋B. 低俗或猎奇行为（如吃地果、擦边、未成年怀孕、老幼恋爱视频等）,D. 不太喜欢,B. 否,,,,,,,,,,,,,B. 消极影响更多,C. 不够,A. 非常支持,A. 是,影响其价值观，许多心智未成熟的青少年会模仿，影响不好。,加强网络监管,166,0,1,0,0,1,1,0,0,0,0,0,0,0,D,B,B,B,B,D,B,,,,,,,,,,,B,C,A,A,,,,,,,,0.0,0
2025/3/18 14:58:56,61秒,微信,,D. 18岁以上  ,B. 女,A. 少于1小时,B. 了解一些,D. 其他（请注明）〖抖音〗,C. 从未观看,A. 慢节奏生活（如手工、园艺等）┋B. 低俗或猎奇行为（如吃地果、擦边、未成年怀孕、老幼恋爱视频等）┋C. 负能量相关内容（死亡妆容、引导自残、自杀等内容）,E. 非常反感,B. 否,,,,,,,,,,,,,B. 消极影响更多,C. 不够,A. 非常支持,C. 不确定,(空),(空),61,0,0,0,1,1,1,1,0,0,0,0,0,0,D,B,A,B,C,E,B,,,,,,,,,,,B,C,A,C,,,,,,,,0.0,0
2025/3/18 15:00:29,100秒,微信,,D. 18岁以上  ,B. 女,A. 少于1小时,C. 听说过但不了解,A. 快手等短视频平台,B. 偶尔观看,A. 慢节奏生活（如手工、园艺等）,E. 非常反感,A. 是,15-18岁,B. 1-2小时,C. 很少,A. 搞笑类,A. 经常模仿,A. 是（如易怒、焦虑、抑郁）,A. 是,A. 是,A. 是,A. 是,A. 经常模仿,A. 是,B. 消极影响更多,C. 不够,A. 非常支持,C. 不确定,低俗,加强管控,100,1,0,0,0,1,0,0,0,1,0,0,0,0,D,B,A,C,B,E,A,B,C,A,A,A,A,A,A,A,A,B,C,A,C,,1.0,1.0,1.0,1.0,1.0,1.0,5.0,0
2025/3/18 15:13:07,65秒,微信,,D. 18岁以上  ,B. 女,D. 4小时以上,B. 了解一些,A. 快手等短视频平台,B. 偶尔观看,B. 低俗或猎奇行为（如吃地果、擦边、未成年怀孕、老幼恋爱视频等）┋C. 负能量相关内容（死亡妆容、引导自残、自杀等内容）,E. 非常反感,B. 否,,,,,,,,,,,,,B. 消极影响更多,D. 完全不够,A. 非常支持,C. 不确定,(空),(空),65,1,0,0,0,0,1,1,0,0,0,0,0,0,D,B,D,B,B,E,B,,,,,,,,,,,B,D,A,C,,,,,,,,0.0,0
2025/3/18 15:13:24,138秒,微信,,D. 18岁以上  ,A. 男,A. 少于1小时,B. 了解一些,A. 快手等短视频平台┋B. 朋友或同学,B. 偶尔观看,B. 低俗或猎奇行为（如吃地果、擦边、未成年怀孕、老幼恋爱视频等）┋C. 负能量相关内容（死亡妆容、引导自残、自杀等内容）,E. 非常反感,B. 否,,,,,,,,,,,,,B. 消极影响更多,C. 不够,A. 非常支持,C. 不确定,(空),(空),138,1,1,0,0,0,1,1,0,0,0,0,0,0,D,A,A,B,B,E,B,,,,,,,,,,,B,C,A,C,,,,,,,,0.0,0
2025/3/18 15:16:03,119秒,微信,,D. 18岁以上  ,A. 男,A. 少于1小时,B. 了解一些,A. 快手等短视频平台,C. 从未观看,A. 慢节奏生活（如手工、园艺等）┋B. 低俗或猎奇行为（如吃地果、擦边、未成年怀孕、老幼恋爱视频等）┋C. 负能量相关内容（死亡妆容、引导自残、自杀等内容）,E. 非常反感,A. 是,10-13岁,B. 1-2小时,A. 经常,B. 低俗类,A. 经常模仿,C. 不确定,B. 否,A. 是,A. 是,A. 是,B. 偶尔模仿,A. 是,B. 消极影响更多,D. 完全不够,A. 非常支持,A. 是,(空),(空),119,1,0,0,0,1,1,1,0,0,1,0,0,0,D,A,A,B,C,E,A,B,A,A,C,B,A,A,A,B,A,B,D,A,A,0.5,0.0,1.0,1.0,1.0,0.6666666666666666,1.0,4.166666666666667,0
2025/3/18 15:47:11,139秒,微信,,D. 18岁以上  ,B. 女,A. 少于1小时,B. 了解一些,A. 快手等短视频平台┋C. 新闻报道,C. 从未观看,D.其他,D. 不太喜欢,B. 否,,,,,,,,,,,,,B. 消极影响更多,C. 不够,A. 非常支持,A. 是,(空),(空),139,1,0,1,0,0,0,0,1,0,0,0,0,0,D,B,A,B,C,D,B,,,,,,,,,,,B,C,A,A,,,,,,,,0.0,0
2025/3/18 15:54:19,191秒,微信,,D. 18岁以上  ,B. 女,C. 2-4小时,D. 完全不了解,D. 其他（请注明）〖问卷调查〗,B. 偶尔观看,A. 慢节奏生活（如手工、园艺等）,B. 比较喜欢,A. 是,15-18岁,C. 2-3小时,B. 偶尔,D. 生活类,C. 很少模仿,B. 否,B. 否,B. 否,C. 不确定,C. 不确定,C. 很少模仿,A. 是,C. 既有积极也有消极影响,C. 不够,B. 比较支持,C. 不确定,(空),(空),191,0,0,0,1,1,0,0,0,0,0,0,1,0,D,B,C,D,B,B,A,C,B,C,B,B,B,C,C,C,A,C,C,B,C,0.0,0.0,0.0,0.5,0.5,0.3333333333333333,0.3333333333333333,1.3333333333333333,0
2025/3/18 15:54:30,61秒,微信,,D. 18岁以上  ,B. 女,A. 少于1小时,A. 非常了解,A. 快手等短视频平台┋B. 朋友或同学┋C. 新闻报道,C. 从未观看,B. 低俗或猎奇行为（如吃地果、擦边、未成年怀孕、老幼恋爱视频等）┋C. 负能量相关内容（死亡妆容、引导自残、自杀等内容）,E. 非常反感,A. 是,10-13岁,C. 2-3小时,D. 从不,B. 低俗类,B. 偶尔模仿,A. 是（如易怒、焦虑、抑郁）,A. 是,A. 是,A. 是,C. 不确定,B. 偶尔模仿,C. 不确定,B. 消极影响更多,D. 完全不够,A. 非常支持,C. 不确定,无,无,61,1,1,1,0,0,1,1,0,0,1,0,0,0,D,B,A,A,C,E,A,C,D,B,A,A,A,A,C,B,C,B,D,A,C,,1.0,1.0,1.0,0.5,0.6666666666666666,0.6666666666666666,4.166666666666667,0
2025/3/18 15:57:21,100秒,微信,,D. 18岁以上  ,B. 女,C. 2-4小时,B. 了解一些,A. 快手等短视频平台┋B. 朋友或同学,B. 偶尔观看,A. 慢节奏生活（如手工、园艺等）,C. 中立,A. 是,15-18岁,C. 2-3小时,B. 偶尔,D. 生活类,B. 偶尔模仿,B. 否,B. 否,B. 否,C. 不确定,C. 不确定,B. 偶尔模仿,C. 不确定,A. 积极影响更多,B. 比较足够,B. 比较支持,C. 不确定,(空),(空),100,1,1,0,0,1,0,0,0,0,0,0,1,0,D,B,C,B,B,C,A,C,B,B,B,B,B,C,C,B,C,A,B,B,C,0.0,0.0,0.0,0.5,0.5,0.6666666666666666,0.6666666666666666,1.6666666666666665,0
2025/3/18 16:33:24,122秒,微信,,D. 18岁以上  ,B. 女,B. 1-2小时,C. 听说过但不了解,A. 快手等短视频平台,B. 偶尔观看,A. 慢节奏生活（如手工、园艺等）,E. 非常反感,B. 否,,,,,,,,,,,,,B. 消极影响更多,C. 不够,A. 非常支持,B. 否,(空),(空),122,1,0,0,0,1,0,0,0,0,0,0,0,0,D,B,B,C,B,E,B,,,,,,,,,,,B,C,A,B,,,,,,,,0.0,0
2025/3/18 16:37:26,195秒,微信,,D. 18岁以上  ,B. 女,B. 1-2小时,D. 完全不了解,B. 朋友或同学,C. 从未观看,A. 慢节奏生活（如手工、园艺等）,E. 非常反感,A. 是,15-18岁,C. 2-3小时,A. 经常,A. 搞笑类,A. 经常模仿,A. 是（如易怒、焦虑、抑郁）,A. 是,A. 是,A. 是,A. 是,B. 偶尔模仿,A. 是,B. 消极影响更多,D. 完全不够,A. 非常支持,A. 是,破坏塑造正常的价值观,快手平台监管视频播放严格些,195,0,1,0,0,1,0,0,0,1,0,0,0,0,D,B,B,D,C,E,A,C,A,A,A,A,A,A,A,B,A,B,D,A,A,,1.0,1.0,1.0,1.0,0.6666666666666666,1.0,4.666666666666667,0
2025/3/18 16:42:05,220秒,微信,,D. 18岁以上  ,B. 女,A. 少于1小时,C. 听说过但不了解,A. 快手等短视频平台,C. 从未观看,B. 低俗或猎奇行为（如吃地果、擦边、未成年怀孕、老幼恋爱视频等）┋C. 负能量相关内容（死亡妆容、引导自残、自杀等内容）,E. 非常反感,A. 是,10-13岁,B. 1-2小时,C. 很少,E.其他〖我不知道〗,D. 从不模仿,B. 否,B. 否,B. 否,B. 否,C. 不确定,D. 从不模仿,B. 否,B. 消极影响更多,D. 完全不够,A. 非常支持,C. 不确定,(空),(空),220,1,0,0,0,0,1,1,0,0,0,0,0,1,D,B,A,C,C,E,A,B,C,D,B,B,B,B,C,D,B,B,D,A,C,0.0,0.0,0.0,0.0,0.5,0.0,0.0,0.5,0
2025/3/18 17:19:00,101秒,微信,,D. 18岁以上  ,B. 女,D. 4小时以上,C. 听说过但不了解,D. 其他（请注明）〖抖音〗,B. 偶尔观看,C. 负能量相关内容（死亡妆容、引导自残、自杀等内容）,E. 非常反感,A. 是,15-18岁,A. 少于1小时,B. 偶尔,A. 搞笑类,B. 偶尔模仿,C. 不确定,C. 不确定,C. 不确定,C. 不确定,C. 不确定,C. 很少模仿,C. 不确定,B. 消极影响更多,D. 完全不够,B. 比较支持,C. 不确定,(空),(空),101,0,0,0,1,0,0,1,0,1,0,0,0,0,D,B,D,C,B,E,A,A,B,B,C,C,C,C,C,C,C,B,D,B,C,0.5,0.5,0.5,0.5,0.5,0.3333333333333333,0.6666666666666666,2.8333333333333335,0
2025/3/18 17:19:08,113秒,微信,,D. 18岁以上  ,B. 女,D. 4小时以上,C. 听说过但不了解,D. 其他（请注明）〖抖音平台博主吐槽〗,C. 从未观看,B. 低俗或猎奇行为（如吃地果、擦边、未成年怀孕、老幼恋爱视频等）┋C. 负能量相关内容（死亡妆容、引导自残、自杀等内容）,E. 非常反感,B. 否,,,,,,,,,,,,,B. 消极影响更多,C. 不够,A. 非常支持,B. 否,三观的扭曲,平台加强对作品的审核,113,0,0,0,1,0,1,1,0,0,0,0,0,0,D,B,D,C,C,E,B,,,,,,,,,,,B,C,A,B,,,,,,,,0.0,0
2025/3/18 17:20:27,66秒,微信,,D. 18岁以上  ,A. 男,A. 少于1小时,B. 了解一些,B. 朋友或同学,C. 从未观看,B. 低俗或猎奇行为（如吃地果、擦边、未成年怀孕、老幼恋爱视频等）┋C. 负能量相关内容（死亡妆容、引导自残、自杀等内容）,D. 不太喜欢,B. 否,,,,,,,,,,,,,C. 既有积极也有消极影响,C. 不够,A. 非常支持,B. 否,不太好,多监管,66,0,1,0,0,0,1,1,0,0,0,0,0,0,D,A,A,B,C,D,B,,,,,,,,,,,C,C,A,B,,,,,,,,0.0,0
2025/3/18 17:31:14,160秒,微信,,D. 18岁以上  ,B. 女,B. 1-2小时,B. 了解一些,A. 快手等短视频平台┋B. 朋友或同学,B. 偶尔观看,B. 低俗或猎奇行为（如吃地果、擦边、未成年怀孕、老幼恋爱视频等）┋C. 负能量相关内容（死亡妆容、引导自残、自杀等内容）,E. 非常反感,A. 是,13-15岁,B. 1-2小时,B. 偶尔,B. 低俗类,A. 经常模仿,A. 是（如易怒、焦虑、抑郁）,A. 是,A. 是,A. 是,A. 是,B. 偶尔模仿,B. 否,B. 消极影响更多,C. 不够,A. 非常支持,A. 是,社会风气败坏,设置未成年人防沉迷系统,160,1,1,0,0,0,1,1,0,0,1,0,0,0,D,B,B,B,B,E,A,B,B,A,A,A,A,A,A,B,B,B,C,A,A,,1.0,1.0,1.0,1.0,0.6666666666666666,1.0,4.666666666666667,0
2025/3/18 17:32:18,85秒,微信,,D. 18岁以上  ,B. 女,A. 少于1小时,D. 完全不了解,D. 其他（请注明）,C. 从未观看,D.其他,E. 非常反感,B. 否,,,,,,,,,,,,,C. 既有积极也有消极影响,B. 比较足够,A. 非常支持,B. 否,不太了解,没有,85,0,0,0,1,0,0,0,1,0,0,0,0,0,D,B,A,D,C,E,B,,,,,,,,,,,C,B,A,B,,,,,,,,0.0,0
2025/3/18 17:39:28,93秒,微信,,D. 18岁以上  ,A. 男,A. 少于1小时,A. 非常了解,A. 快手等短视频平台┋B. 朋友或同学┋C. 新闻报道,C. 从未观看,B. 低俗或猎奇行为（如吃地果、擦边、未成年怀孕、老幼恋爱视频等）┋C. 负能量相关内容（死亡妆容、引导自残、自杀等内容）,E. 非常反感,A. 是,10-13岁,C. 2-3小时,B. 偶尔,A. 搞笑类,B. 偶尔模仿,B. 否,B. 否,B. 否,A. 是,C. 不确定,B. 偶尔模仿,A. 是,B. 消极影响更多,D. 完全不够,A. 非常支持,A. 是,危害青少年身心健康，让人模仿，影响青少年的世界观塑造,直接倒闭！,93,1,1,1,0,0,1,1,0,1,0,0,0,0,D,A,A,A,C,E,A,C,B,B,B,B,B,A,C,B,A,B,D,A,A,0.0,0.0,0.0,1.0,0.5,0.6666666666666666,0.6666666666666666,2.1666666666666665,0
2025/3/18 17:58:29,92秒,微信,,C. 16-18岁  ,B. 女,D. 4小时以上,B. 了解一些,A. 快手等短视频平台,B. 偶尔观看,B. 低俗或猎奇行为（如吃地果、擦边、未成年怀孕、老幼恋爱视频等）,E. 非常反感,B. 否,,,,,,,,,,,,,B. 消极影响更多,C. 不够,A. 非常支持,B. 否,早熟,快手大力管理,92,1,0,0,0,0,1,0,0,0,0,0,0,0,C,B,D,B,B,E,B,,,,,,,,,,,B,C,A,B,,,,,,,,0.0,0
2025/3/18 19:09:17,136秒,微信,,D. 18岁以上  ,A. 男,C. 2-4小时,B. 了解一些,A. 快手等短视频平台,A. 经常观看,A. 慢节奏生活（如手工、园艺等）,C. 中立,A. 是,10岁以下,C. 2-3小时,C. 很少,A. 搞笑类,A. 经常模仿,A. 是（如易怒、焦虑、抑郁）,B. 否,B. 否,B. 否,C. 不确定,C. 很少模仿,B. 否,C. 既有积极也有消极影响,B. 比较足够,A. 非常支持,B. 否,偏执,更偏向于非物质文化遗产,136,1,0,0,0,1,0,0,0,1,0,0,0,0,D,A,C,B,A,C,A,C,C,A,A,B,B,B,C,C,B,C,B,A,B,,0.0,0.0,0.0,0.5,0.3333333333333333,1.0,0.8333333333333333,0
2025/3/18 19:24:31,62秒,微信,,D. 18岁以上  ,B. 女,C. 2-4小时,C. 听说过但不了解,A. 快手等短视频平台,B. 偶尔观看,D.其他,D. 不太喜欢,B. 否,,,,,,,,,,,,,B. 消极影响更多,B. 比较足够,C. 不支持,B. 否,(空),(空),62,1,0,0,0,0,0,0,1,0,0,0,0,0,D,B,C,C,B,D,B,,,,,,,,,,,B,B,C,B,,,,,,,,0.0,0
2025/3/18 21:23:26,75秒,微信,,C. 16-18岁  ,B. 女,C. 2-4小时,B. 了解一些,A. 快手等短视频平台┋B. 朋友或同学,B. 偶尔观看,B. 低俗或猎奇行为（如吃地果、擦边、未成年怀孕、老幼恋爱视频等）,E. 非常反感,B. 否,,,,,,,,,,,,,B. 消极影响更多,B. 比较足够,A. 非常支持,B. 否,(空),(空),75,1,1,0,0,0,1,0,0,0,0,0,0,0,C,B,C,B,B,E,B,,,,,,,,,,,B,B,A,B,,,,,,,,0.0,0
2025/3/18 21:36:13,96秒,微信,,D. 18岁以上  ,A. 男,A. 少于1小时,B. 了解一些,A. 快手等短视频平台┋C. 新闻报道,C. 从未观看,D.其他〖从未观看〗,E. 非常反感,A. 是,13-15岁,D. 3小时以上,A. 经常,B. 低俗类,A. 经常模仿,A. 是（如易怒、焦虑、抑郁）,C. 不确定,C. 不确定,A. 是,A. 是,A. 经常模仿,B. 否,B. 消极影响更多,D. 完全不够,A. 非常支持,A. 是,影响三观,加强平台监管机制,96,1,0,1,0,0,0,0,1,0,1,0,0,0,D,A,A,B,C,E,A,D,A,A,A,C,C,A,A,A,B,B,D,A,A,,0.5,0.5,1.0,1.0,1.0,1.0,4.0,0
2025/3/19 21:24:25,90秒,微信,,D. 18岁以上  ,A. 男,B. 1-2小时,D. 完全不了解,B. 朋友或同学,C. 从未观看,A. 慢节奏生活（如手工、园艺等）,E. 非常反感,B. 否,,,,,,,,,,,,,B. 消极影响更多,D. 完全不够,A. 非常支持,C. 不确定,精神腐蚀,加强监管，视频分级,90,0,1,0,0,1,0,0,0,0,0,0,0,0,D,A,B,D,C,E,B,,,,,,,,,,,B,D,A,C,,,,,,,,0.0,0
