weibo_time,weibo_like,anon_id,weibo_text_clean
2023/1/16,3,user001,5732你是想让谁来教文化课没长大的小屁孩or从小耍马戏的娱乐圈花瓶or爱看慢脚视频的土味小商贩？
2023/1/17,0,user002,慢脚文化我真的搞不懂要吐了
2023/1/19,12,user003,棉花美娃娃超话慢脚真是物种多样性啊图①～②什么叫1～18岁都可以拍，难道成年了就不能玩娃吗图③：真的最怕圈子在抖音快手这些平台火了，一堆没有了解的小学生就跟风买，买了还不承认，29娃丑“娃妈”更丑
2023/1/24,0,user004,深陷慢脚文化 我爱土味视频
2023/1/27,0,user005,慢脚文化不用p 直接去许锄痘印截一个就行
2023/1/30,2,user006,天呐我真的看不懂现在的慢脚文化了刷到好多16 17岁还在读书的年龄就怀上了孕 评论区还有很多相同情况的人打卡自己的怀孕天数还有彩礼3w8就嫁过去还觉得很幸福的。。。可能我不懂爱情吧
2023/1/31,2,user007,不是我不李姐这就是慢脚文化吗
2023/2/1,0,user008,成年高校晨一出来氛围秒变慢脚文化
2023/2/2,,user009,什么b慢脚文化//:感觉在看快手
2023/2/11,598,user010,"琼人，但是画画，学了艺术，家里情况是欠了几十万房贷，妈妈一月3000爸爸两年没开工资了，但是他不去找别的工作，存款几乎为0，都是找亲戚接，奶奶攒钱不多出因为要给弟弟买房，豹豹猫猫和弟和我住在小城市里的80平两室老式小区里，过着幸福的生活。豹豹猫猫对我很好，让我去学了，画 展开,9417【投稿】琼人，但是❤️画画，学了艺术，家里情况是欠了几十万房贷，妈妈一月3000爸爸两年没开工资了，但是他不去找别的工作，存款几乎为0，都是找亲戚接，奶奶攒钱不多出因为要给弟弟买房，豹豹猫猫和弟和我住在小城市里的80平两室老式小区里，过着幸福的生活。豹豹猫猫对我很好，让我去学了，画室最开始说6w最后要了8w，（同学说要去的，他说他家穷这个算便宜了我就跟着去了，结果他家有厂）家里到处借钱让我去学，爷爷住院也不会告诉我，我和爷爷视频电话的时候都能看到他瘦了很多，特别特别难受，所以导致了我集训的八个月内压力特别大，我刚去第二周就嚷嚷要退学了，开销。。。可是学校非要留我，说钱的事学校解决，呵呵，到最后也一分没少收我的。因为穷所以一花大钱就变得很苛刻，不能买不值。集训期间没怎么靠老师教，教的太烂，太年轻特别飘，我在这期间内特别想4⃣️爱发疯，经常哭，大吃特吃，失眠，撕画撞墙，耽误了一个多月，最后勉强考了270多，（因为我每科都能90+但是每次都有一科80多）不过也够上大学了，but！鼠是一个没上过补习班的人，小时候家里家长忙根本不会管饱饱，基础差，笨，连复数题都不会算，家里又到处借钱凑了两万让我上文化机构，我觉得这简直是浪费啊啊啊我那么笨，压力很大，花空家里学的美术，不想辜负，可是我一考试就懵逼了，什么都不会，背的想不起来，英语语法怎么讲都记不住，我还该不该上大学，或者说能不能上大学，或者怎么学习，或者怎么领一些扶贫的救济金之类的（不知道爸妈同不同意我申请，因为他们有点要面子，我一说穷就骂我，可是我的零花钱都是我自己赚的，他们穿的衣服都是慢脚直播间十块二十抢的，却给我买100的贵衣服，后悔学美术，家里太难了），帮帮饱饱 收起"
2023/2/12,0,user011,无意点开，慢脚文化真好笑，分手倒计时笑死我了哈哈哈哈哈哈哈哈哈哈哈哈哈哈哈
2023/2/26,37,user012,有没有慢脚金丝可以给我解答一下a吹和金丝之前发生什么了？看到它们嘴金的我很想怼回去耶（但是因为不了解事实...
2023/3/3,0,user013,慢脚文化的兄弟姐妹们拍站厕所中间那个隔断上面的时候有掉下去过吗？
2023/3/6,0,user014,为什么说慢脚文化不是亚文化（虽然我还没懂什么是慢脚）亚文化不就是不是主文化的非主流吗？
2023/3/6,0,user015,慢脚文化我不懂
2023/3/8,0,user016,诚邀大家收看慢脚文化
2023/3/16,1,user017,有没有斗人与我学习慢脚文化啊 孤身一人都无人分享这种快乐啊。随懂啊
2023/4/16,0,user018,"慢脚上的人真的都挺会做生意的，搞小卡抽抽乐收了人家一百二给买家配了一百的卡，买家不服找她退差价，她发视频解释道：《是所有卡加起来的平均价》《并不是说每一张卡都在120块左右》并列举卡池里别的卡高于120种种，得出结论：别认为什么好处都得你占。可能是我没文化没见识吧，收了人 展开,31【投💤稿】慢脚上的人真的都挺会做生意的，搞小卡抽抽乐收了人家一百二给买家配了一百的卡，买家不服找她退差价，她发视频解释道：《是所有卡加起来的平均价》《并不是说每一张卡都在120块左右》并列举卡池里别的卡高于120种种，得出结论：别认为什么好处都得你占。可能是我没文化没见识吧，收了人家一百二就得保值不保热给人家配满一百二的，如果她自己有一套规矩那也不必特地发个视频吐槽人家是S13。 收起"
2023/4/28,,user019,"好像慢脚文化啊啊啊啊啊啊啊救命,保湿盒的tiktok品味比我想象中还要土 慢脚顶流借个鸟当1的微博视频"
2023/5/3,8,user020,到底是谁说当梦女必须要有梦图什么三件套慢脚你真的
2023/5/20,0,user021,有宝宝ks🦁嘛🥺 我不是慢脚文化小学生🥺
2023/5/31,0,user022,最爱的还是慢脚文化
2023/6/7,335,user023,纸嫁衣没收官 没实力爱跟疯剪低俗视频的慢脚人音符人少蹭（实话实说 知道你们慢脚的纸圈“大佬”小迷妹多 你们怎么着都有人护着）2.带着你们的新“俍”从纸嫁衣出去 白袜无限制 
2023/6/12,0,user024,你们再用这种句式装路人我真的要呕了，跟慢脚文化一样。
2023/6/16,4,user025,溜喽～今日和同事狠狠捞了小快手一笔下班想跑不敢跑，mentor说赶快跑leader马上回来了，我直接一个弹射起步回家继续给小慢脚打工周五啦～铁汁加油
2023/7/4,,user026,"。。。。。。慢脚文化？,4807【抖搞】抖大妈你们....."
2023/7/6,0,user027,二手超话➗个企鹅慢脚各种音乐APP可以用的🔗善良是一种美德，善良是一种远见，善良是一种自信，善良是一种精神力量，善良是一种以逸待劳的沉稳，善良是一种文化，善良是一种快乐，善良是一种乐观。 日行一善，积善成德。
2023/7/10,88,user028, 慢脚怎么这么多咯噔文学
2023/7/25,0,user029,我03月29日才知道，原来所谓“慢脚文化”的来源是“快手”，谁这么会取名字，给我笑晕了🙏
2023/7/25,381,user030,有时候自己刷快手真挺无助……一大堆低龄粉 一大堆叶舒华的pph 还一大堆人信 80%混韩娱都是雷刷的 但基本上都是跟风雷 慢脚人一大堆 这边澄清都出好几天了 那边还在吵 一大堆人说塌了 解释了又不听 发了证据就消失 无语以后还是逛微博吧
2023/7/30,1,user031,刷ks 体会慢脚文化 看那些跟我一样年纪一件生了孩子的同学 真的会让我猛的振奋起来一下
2023/8/13,0,user032,我真是服了 为什么帮巴澄清的时候要带这种黑称啊？？？到底是真蠢假蠢啊？？？？？ 我真是不喜欢慢脚文化 巴发🥢👋的时候评论都很无趣 希望早日回抖
2023/8/14,1,user033,铁塔的精神力量不是盖的 见到了慢脚文化 聊城
2023/8/19,,user034,他最近在学什么慢脚文化的拍照造型吗
2023/8/20,1,user035,要被慢脚文化吓🐭了
2023/8/20,1,user036,一些刷dy的能不能不要去ks下面秀优越感啊，我真的服了每个人都有发视频的权利，你不喜欢可以滑走，要吐槽可以和朋友私下吐槽，没必要在别人视频下面阴阳怪气什么隔壁来的，什么原来这就是慢脚文化，没人在意你是哪里来的，刷短视频都能有优越感也是牛B的
2023/8/21,0,user037,被初中同学搞笑到了 被过时的慢脚文化入侵了吗
2023/8/24,68,user038,"2303【投稿】 班里仙葱筒靴跟分喜欢初音未来后暑假cos不戴假发只穿衣服也没去过漫展然后发朋友圈不说自己仅试衣 而是说“哈哈哈我是精彩人”（重点是她假发也到了）然后穿cos服录了一个慢脚dj手势舞？？请问这样的用意素？原本打算静观其变直到她又录了阿妮亚黑毛版本的血汗泪嗯…… 展开,2303【投稿】 班里仙葱筒靴跟分喜欢初音未来后暑假cos不戴假发只穿衣服也没去过漫展然后发朋友圈不说自己仅试衣 而是说“哈哈哈我是精彩人”（重点是她假发也到了）然后穿cos服录了一个慢脚dj手势舞？？请问这样的用意素？原本打算静观其变直到她又录了阿妮亚黑毛版本的血汗泪嗯……然后高柱决定再观望观望结果观望到发了李诗雅图片并配文否极泰来忍不住了 这种既想要单山又想要看看她还能搞什么 怎么办 我该怎么做 收起"
2023/8/25,,user039,哈哈哈哈哈哈哈哈哈慢脚文化入侵抖音//:天生扁平足的人看了足弓都高了五厘米
2023/8/25,6,user040,这种滤镜真的好看吗？为什么现在都流行这种不理解慢脚文化
2023/8/29,2,user041,笑死我了笑死我了笑死我了笑死我了笑死我了
2023/9/2,0,user042,又被快手气死了 慢脚文化真的是
2023/9/10,31,user018,293【糖果】所以这种慢脚文化都是谁在爱？
2023/9/11,0,user043,观抖和慢脚几个大网红有感，互联网真的养活了太多太多精神小伙。没文化且不说，基本的素质都没有，都能蹭流量蹭红，然后捞钱。只恨我自己吃不上互联网这顿饭
2023/9/18,0,user044,慢脚号子算是练好了，要么给我推中专退学小妹小弟，要么给我推等坐牢的精神小伙回家的精神小妹有点把慢脚文化吃透了属于
2023/9/19,,user045,他好慢脚文化//:gf是什么 girlfriend//:集脚笑尿了//:GF打缩写太潮了//:集脚好飒
2023/9/23,6,user046,18岁的精神小伙省峻正处于对慢脚文化好奇的年纪
2023/9/24,,user047,"其实我还真挺喜欢的 慢脚文化入侵kpop！,新一轮《我姓石》挑战"
2023/9/27,0,user048,我说有些人看个电视剧学个b词真是没地方用了，看谁头发没梳好一张嘴就“勾栏样式”，还觉得自己特别有文化，点进去一看小升初加油（慢脚含小犊子量检测为99%）
2023/10/4,0,user049,不是，我真的求求ks的别开h了啊啊啊，你在ks是安利还是破坏马嘉祺路人缘我刷视频也有命啊，什么叫做慢脚文化，这本来就不好啊
2023/10/23,4,user050,最近只有一件衣服穿肉肉睡觉的姿势很野蛮索菲亚为什么要愤怒的💩直男看直男跳super shy慢脚文化妮娜之死令人羡慕的睡眠质量KFC-达美乐殖民地
2023/10/25,16,user051,从初一开始看ks，不懂为什么现在风气这么差，随便点开一个美女评论区都是在开黄腔我看其他平台也没这样啊，难怪被人叫慢脚都是有原因的恶心东西
2023/10/29,414,user052,《江城第一狗仔倬伟》《不知名暴发户二代》《慢脚卖凤爪》哥哥们我真的笑的头很痛
2023/11/11,0,user053,感觉我看的东西一堆慢脚老铁动态文化
2023/11/16,0,user054,我服了嘞 刷到小时候一起玩的一个妹妹 十六岁了！！！！！！怎么是精神小妹的模样文案和照片也很符合慢脚文化。。。。再大几岁就醒悟了
2023/11/16,787,user055,📣原来七脚盆的概念是慢脚概念 集美概念好绝 📣enhypen概念豪爵 📣枪与玫瑰 随时为公主待命
2023/11/17,,user056,"慢脚文化//:试图融入一些中国街头文化但失败了,好家伙……鱼香茄子 韭菜炒鸡蛋 麻辣羊肉串 除了现在别无他法"
2023/11/22,1,user057,已经体会到一些老人与时下流行事物所脱节的感受了，当年科三只是路考，现在已变舞蹈，这种半身不遂式的抽搐也是短视频APP上火起来的吗？难道不用哆嗦音和慢脚就不能与世界请神接鬼了吗
2023/11/26,10,user058,慢脚好有趣哈哈哈
2023/12/3,1266,user059,现在就是这样，我试图在抖抖和慢脚安利，发一个视频哑一个！
2024/8/2,345,user060,"是不是我太纵容你了 心机养女✖️养父系列5 最近除了协会里的事，你的另一件事情也很重要。 在桃桃的人脉下你找到了一个人来扮演你的男朋友。 光是扮演还不够，你让他学着慢脚文化里那样打扮。各种奇葩的穿搭 展开,秦彻超话🍒 🐦 是不是我太纵容你了 心机养女✖️养父系列5 最近除了协会里的事，你的另一件事情也很重要。 在桃桃的人脉下你找到了一个人来扮演你的男朋友。 光是扮演还不够，你让他学着慢脚文化里那样打扮。各种奇葩的穿搭和发型一齐上阵。 你：「今晚我回家吃饭。」 秦彻几乎是秒回了一个好字。 那男孩只知道自己要扮演一个角色，却不知道自己要面对的是谁，在进别墅前还是一副吊儿郎当的样子。 秦彻开门的一瞬间和男孩对视，两人都是一愣，后者嚼着口香糖的嘴立马就停了。 开门的秦彻身上还围着围裙，目光不太友善看着你，“这是谁？” “好饿啊daddy，我们边吃边说吧！”你牵着男孩的手就往里面走，秦彻的目光在背后一直追随着那双手。 饭桌上那男孩局促得不行，给自己倒着红酒的秦彻礼貌问他要来一杯吗他都不会说话。 唯一一个动筷的你不停给那男孩使眼色。这人不能把剧本忘了吧？ 他深吸一口气开口，“伯父我03月29日来就想跟你说，我们在一起了并且已经在规划未来了！” “伯父？”秦彻听笑了。 “过来。”秦彻把高脚杯放下，使了些劲拉住你的手去书房。 “干什么啊daddy，我已经成年了，谈个恋爱很正常吧？”你看他把书房的门锁上心里有点慌张。 “是不是我太纵容你了？”秦彻的语气冷得可怕。 “都说事不过三，你都拒绝我三次了，我另寻他人不可以吗？”你开始带着哭腔。 果然秦彻语气立马就软了下来但说的话依然直白，“不可以。我给你最好的成长环境和教育资源，为的就是让你远离这种人。从小时候的芭比娃娃到现在你喜欢的枪，他都给不了你，你明白吗？” “那这个世界上除了你，就没有人能给我了不是吗？”你泪眼婆娑看着他。 “拒绝我，又看不上他们做你的女婿，你要我怎么做？”你抹了抹眼泪质问他。 如果这步计划还是失败，那你就彻底和他断了关系。 一句话把秦彻问住了，他到底想要什么呢。事到如今已经没有办法做一辈子的父女，难道要做一辈子的仇人吗？ 他不要。 “唔…”秦彻突然低头吻住了你。 计划成功。 “…要你出去跟他说，我是你的男朋友。”秦彻捧着你的脸，右眼泛着红光。 “你不怕我被人说闲话吗，daddy？”你故意发难。 “一颗子弹的事。”碍于慈父的身份，但其实早就想好了对策。 “可是…我们是父女诶…”你不怀好意看着他，想看看他能说出些什么来。 “恋爱也是你成长中很重要的一课，为了你的成长，daddy亲自教你比较放心。” 不愧是秦彻。 等你们走出书房，餐桌上哪还有人，早就没了影儿。 收起"
2024/8/21,18323,user061,国外的慢脚文化，每个视频看了都想让人报警 民间迷惑行为的微博视频
2024/8/24,128,user063,我们马少也是玩上慢脚文化了
2024/8/26,42,user064,"【】不平等的算法让他们的人生困在不同的井里数据显示，截至2024年3月，包括三线及以下城市在内的下沉市场用户持续增长，规模达到6.47亿，在整个移动互联网大盘中的占比达到52.6%。这一串数字的背后，是主流媒体目光外的暗角。20 展开,【】不平等的算法让他们的人生困在不同的井里数据显示，截至2024年3月，包括三线及以下城市在内的下沉市场用户持续增长，规模达到6.47亿，在整个移动互联网大盘中的占比达到52.6%。这一串数字的背后，是主流媒体目光外的暗角。2016年，一篇火遍全网的《残酷底层物语》让大众窥见了一个魔幻、粗糙而又真实的世界。8年过去了，围观的热情早已消耗殆尽，但荒诞仍在持续。它继续下沉，形成了人们嘴里的“慢脚文化”。也有人将之称为：这是一片隐藏在下沉世界的暗网。在网上，嘲笑并围观一些短视频平台上的奇人异事，正在成为一种新的网络现象。人们习惯把这些猎奇炸裂的景观，统称为“慢脚文化”。《残酷底层物语》一文爆火8年后，生吃死猪肉、干嚼玻璃与鞭炮炸裤裆的违规视频早已被扫入赛博坟地，但荒诞怪异的抽象内容却迎来了新的变化。如果说喊麦和炸档是成年人的狠活儿，那么如今的一些短视频平台就是一片未成年软色情的黑暗沼泽。这些儿童成人化的视频犹如脱缰野马，在审核的极限边缘摩擦着路人的感官极限。在这里，你可以见证一百种青少年叛逆期的可能。90后的青春期，社交网络仍然停留在QQ留言板，再叛逆也无非是把QQ空间换成全黑色背景，写两句伤感乱码，在校服上添几个鬼画符。但凡月考考砸一次，人立刻就老实了。而10后的青春期，是短视频与算法共同统治的天下。当一个女孩躺进水沟里cos“水母”获得了点赞，进而就会有成百上千的同龄人效仿。如果在检索栏搜索“水母”，你能看到几百个躺在臭水沟里的奥菲莉亚。每个人的文案都是一句“下辈子做个水母吧，因为它没有心脏”，这么多年过去了，疼痛文学依然霸占了青少年的心智，并且换了一种更夸张的表现形式。遗憾的是，似乎没有人告诉这些女孩们，躺在细菌含量超标的污水里可能会致病。他们在穿着、语言、行为上，全力模仿着他们看到的成人世界。花时间潜入短视频平台的小学生圈层，你会发现最常见的网络用语是“混吗？抽烟吗？喝酒吗？幸福吗？”答案的统一格式是：混，抽，喝，不幸福。具体为啥不幸福，可能是作业太多了。有人在12岁的年纪，已经获得了长达3年的烟龄，有人在最无力的年纪遇到了最想保护的人，有人想起幼儿园的前任痛哭流涕。每个小学生都能说出一段心碎的过往，听到《水星记》都会想念自己的“前妻姐”和“前夫哥”。在这里，除了没见过鬼，什么都见过了。四年级可能是伤感文豪，八岁女孩可能是贴着假睫毛的颜值网红，幼儿园的孩子也会摆出社会人的姿势合影，五年级的女孩穿着性感的同时手里还掐着烟，三年级的男孩同时拿下八个小美。在牙还没换齐的年纪，他们自称是合格的老烟民老酒鬼。“混的”变成10后的通用语言，他们攀比“谁看起来更有实力”的场景，让人梦回90年代古惑仔风靡录像厅的余晖。他们在本应手写同学录的年龄，郑重地在个人简介写上了“已有家妻，勿扰”。他们有自己独特的“占领厕所运动”，站在旱厕上方就可以刷新身份“厕所战神”，文案一定会配上一句“太有实力了”。有没有实力不好评价，但至少每次看了都担心他们失足摔落粪坑。早婚早孕也在这里贯彻落实，让人着急的生育率在这里有了显著提升。05年孕妇三胎日常，06年已婚小孕妇日常，08年农村养胎日常。人生短短三万天，孩子他爸进去蹲了15000天。在这里你还能看到“不知不觉孩子已经30周了，也不知道孩子他爸放寒假会不会来看我们母子”这样的炸裂文字。有人调侃这就叫“一家三口看病都得去儿童医院挂号”，任何人看了都会沉默三秒，默默回忆我国法定结婚年龄到底是几岁。最经典的莫过于这条文案：他一句负责我就生了。短短九个字，让人不禁感慨女性主义在中国的普及也许只是零。一旦有好心人劝她们不要在十几岁的年纪就结婚生育，都会被她们视为“你嫉妒我幸福是吧？”观众还有机会观赏“孕妇软色情”画面。比如双马尾孕妇坐在瑜伽球上进行上下弹动，大月份孕妇和丈夫玩“皮鞭打屁股”。谁也想不到有一天能看到孕妇带球擦边。你还有机会游览整个中文互联网都罕见的软色情重灾区。监管在这里似乎进入了真空地带，审核疑似常年放假不在岗。在其他平台绝对过不了审的内容，在这里如同赛博赵子龙，七进七出如入无人之境。十多岁的女孩把身材p出不符合年龄的曲线，穿着成年人的裙子跳扭臀舞。二十岁多女孩解开JK短裙的拉链，挡在腰臀前面摆出性感姿势，配一句“这才是JK的正确穿搭”。海量职业擦边网红在这里找到了稳定编制。有人穿着洛丽塔公主裙直接躺在水泥地上，故意露出一截白花花的大腿引人联想。有人在台球厅穿着清凉，把胸部当作球杆支架，台球厅和天上人间也没多大区别。看完让人不禁感叹，到底是谁发明了这些千奇百怪的擦边方法，既能吸引眼球又能极限过审，堪称软色情界的爱因斯坦。误入评论区，还能不小心窥见大型人体照片交易市场。从12岁的六年级女孩到22岁的女大学生，各个年龄段的女性都在贩卖自己的私密照，“粉的”“黑的”“展雷”“取货”就是接头暗号，你应该也能猜到，这些词语指代女性私处和胸部。更有慈悲的菩萨心肠，不需要金钱交易，说声“谢谢”就能给对方发照片。未成年女性义无反顾地将自己安放在被贩售与被凝视的位置，并在这种观看中获得自我认同——越来越多的青少年正在效仿这种行为。除了交换私密照，在评论区还集合了“同城约炮交友”“SM关系寻找性伴侣”等炸裂文字。最幽默的是，在这些寻友启示下方，统一备注了一条特殊要求：不能告诉家长。实际年龄你们就猜吧，一猜一个不吱声。短视频平台就这么一拳干翻了Tinder和探探，击穿了三四线城市的00后和10后的交友圈。大多数上了年纪的城市白领，看完都会产生一种脑壳被掀开后浇了一遍开水的应激反应，需要一场驱魔仪式才能净化双眼——原来这就是我识字的报应。儿童成人化是互联网面临的重大危机。当短视频平台打破了年龄、性别、时间与空间的间隔，只要关掉“青少年模式”，未成年人就可以毫无障碍地闯入成年人的世界。一个儿童几乎不需要跨越任何门槛，就能抵达成年人的擦边直播间。这种个性化的内容推荐机制，打破了成年世界与儿童世界的间隔。青少年可以在不断地上划中，被不分年龄的短视频彻底淹没，算法成功将他们“催熟”为不合时宜的伪大人。于是，成年人的话语体系成功入侵了未成年的世界。在乡镇青少年的手机里，是一整套远离大城市叙事的野蛮生态，他们目睹并习得了成年人社会原始的生存之道——横亘村镇县城的街道与田间，拳头、钞票、混社会才是看得见摸得着的“实力”，性经验越丰富，才能证明一个人的人格魅力。如果我们不去特意搜索，根本无法想象，在一部分青少年群体的价值观里，“退学混社会”是另一种政治正确。在63%的农村辍学率面前，厌学已经超过了贫穷，成为辍学的首要因素。短视频在传播过程中催生了更民间更野蛮的“读书无用论”，并且结结实实地灌输到了10后的认知之中。一句“宝宝你才十多岁，选择退学出社会的那一刻真的超级勇敢”，让屏幕前的成年人都快不认识“勇敢”两个字了。还有这样一条视频，上面只写了一个问题：“你选择上学还是混社会”，评论区里的回答齐刷刷地回答混社会，读书竟然沦落为被众人嘲笑的选择。另一方面，在爱情与性关系上的早熟，导致未成年人产生关于恋爱婚姻的认知错乱。他们饥渴地模仿成年人的情感关系，试图从中获得一种“成长的错觉”。根据学者调查，在某平台300个儿童短视频研究样本中，涉及爱情的样本高达22.66%，并且呈现出幼龄化趋势。乡镇农村学校性教育的缺位，导致这些未成年人根本意识不到，他们口中的“得吃”“破处”“睡了”“中招”到底意味着什么。生理卫生常识是空白的。女孩跟着短视频学习辨认自己的生理情况，两个月不来月经也只是在评论区求助其他精神小妹。男孩以炫耀自己更早接触性生活为傲，用动物性掠夺思维来武装自己的身体。没有人引导过他们，真正的性到底是什么，于是他们有样学样，模仿着那些在成人短视频和现实世界里学习的性观念。下沉市场的未成年男女对婚育的接受程度，也和城市男女构成了两个极端。当一线城市的生育率越来越低、离婚率越来越高、女性主义不断觉醒的同时，短视频平台上产生了大批量的低龄孕妇和新手妈妈，有人甚至并没有达到法定结婚年龄——这在农村并不是什么新鲜事。从02年到09年，各个年龄段的孕妇日常vlog变成最热的视频赛道，她们遍布河南、山东、安徽等不发达地区的农村和县城。视频里能看到同样未成年的丈夫，面容年轻的公婆。想象一个陌生女孩的人生，可能早早结束了义务教育，认识了同村的男朋友，缺乏性知识于是顺理成章的早婚早育，父母也如愿以偿拿到了彩礼，将她们拱手送进了婆家的自建房里。这些粗糙的vlog背后，可能就是一个女孩稀里糊涂的一生。 收起"
2024/8/28,1,user065,"《一些抓马荒诞且难忘的时刻..》p1:因为想拍撒隆达很潇洒很酷酷的视频，但一人只有一叠，ng以后只能跟捡破烂的一样重新捡起来重撒....p2:想拍和dy一样很自由很潇洒的奔跑视频 结果鞋有点大...跑着跑着👟离家出走了...又很狼狈的踩着慢脚的沙子去穿鞋...再五千多海拔跑了一遍又一遍...然后就是回车 展开,《一些抓马荒诞且难忘的时刻..》p1:因为想拍撒隆达很潇洒很酷酷的视频，但一人只有一叠，ng以后只能跟捡破烂的一样重新捡起来重撒....p2:想拍和dy一样很自由很潇洒的奔跑视频 结果鞋有点大...跑着跑着👟离家出走了...又很狼狈的踩着慢脚的沙子去穿鞋...再五千多海拔跑了一遍又一遍...然后就是回车里老老实实的吸氧真的是一生要出片的中国女人...p3:同行的姐姐记录的我和弟弟火急火燎赶🚞的画面...真tm感觉苏炳添跑的都没我俩快....因为拉萨举行马拉松各个地方都封路不让开...还超级大堵车..就差那么一分钟 就要滞留拉萨到八天后才能回家了...感恩司机叔叔秋名山车神的车速 拉萨会整治每一个慢吞吞的人跑到高反 跑到想死...p4:在无比煎熬精神崩溃的夜晚，果然音乐就是电子布洛芬，一首说不上完美 也说不上多燃的蓝莲花，竟听得不禁热泪盈眶...仿佛这就是青春..p5:（忽略那抖的不行的画面，还有五音不全的声音哈哈哈）在遥远的路途中，看着车窗外跟内陆完全不一样壮阔都风景，车载音乐放着自己喜欢的歌曲，和路上认识的朋友们在车里吸着氧但依旧毫不在意放肆的唱歌 真的很自由 很开心 好像又切切实实体会到了人活着就是为了某些时刻的含金量 虽不完美但却切切实实的自由和洒脱～p6:去了家很火的藏族网红店 体验了一下藏族人民的热情 大家在店里吃着火锅 弹着乐器 载歌载舞 虽然听不懂藏语 但那热情确实可以打破语言障碍真切的感受到的。藏族小女孩跳的新疆舞 那小表情很可爱哈哈哈哈虽然我也不知道为什么她会跳新疆舞p7:有些时候真的恨手机拍不出自己当时切身看到的画面和感受...在路途中记录的一段车子上下坡的画面，那天天气很好 因为高海拔云真的离自己很近很近，近到好似真的一踮脚就可以触碰到一般..那天感觉好像自己好似加勒比海盗一般 一路乘风破浪 仿佛要迎来黎明曙光一般的畅快 天真的是没有杂质一般的蓝 云朵又很纯净 大自然真的美啊！p8:在西藏体验了酒吧文化 确实唱腔很摇滚很潇洒 然后西藏酒吧清一色的结束曲目竟都是再见 欢快的曲调 但听着确实是非常不舍 很奇怪 短短几天 竟也舍不得这片土地 对它产生了浓烈的依赖 戒断反应有点严重...p9:和同行姐姐爬坡撒完隆达后 俩人坐在山坡上有一搭没一搭的聊着天 聊到兴起时想要点根🚬 结果海拔太高 打火机根本点不着...后面还是一个热心的藏族小哥帮我们点着的 大早上看着大好河山 来那么一根 很畅快！举起相机记录 竟还是铁憨憨一般哈哈哈哈 看来想要酷酷的是一门难修的课题... 收起"
2024/9/30,0,user066,慢脚文化太恐怖了 朋友是老师说小学的孩子就已经开始抽烟了甚至有很畸形的“性”思想。。一生保守的中国人创造了14亿人口 这句话的含金量还在上升
2024/10/8,175,user067,"就性魅力市场而言，我们老中已经是最对“不修外星人”“瘪人土人”友好了…毫无性张力儿童身材在国内甚至是受欢迎标杆（不分男女，慢脚网络男神都是感觉肋骨根根分明的欧美不健身其实就会被认为没什么吸引力，瘦但是会打扮会纹身还可以走走亚文化美女帅哥路线，不然就准备做村人吧，出村就没啥市场 展开,就性魅力市场而言，我们老中已经是最对“不修外星人”“瘪人土人”友好了…毫无性张力儿童身材在国内甚至是受欢迎标杆（不分男女，慢脚网络男神都是感觉肋骨根根分明的欧美不健身其实就会被认为没什么吸引力，瘦但是会打扮会纹身还可以走走亚文化美女帅哥路线，不然就准备做村人吧，出村就没啥市场化妆打扮做发型基本上还是“选择”是加分项，而不是必须项，在日本如果你不怎么打理发型好看女装选项就很有限了韩国更加卷生卷死，融入胜利组必须有外貌加持在中国魅力不是融入主流的必选项，所以这方面竞争真的很低，哪怕你坚持休闲好嫁风穿搭在国内也可以算有点会打扮了，在发达国家根本不够看 收起"
2024/10/9,0,user068,慢脚有着好诡异的文化，偷看大家族直播，结果拿着麦吵了一个小时连带扇巴掌连坐劝架匿名投票线上投票听说剧本就是吵，但是天天吵换着吵这能吵完吗我想看你们摇起来我要看摇子太诡异了诡异的有点想看
2024/10/16,92,user069,"关注抽象文化这么久了，从药水哥的西鼠霸王时期就知道他，到后来直播名场面和水友对骂一句“宁配吗”六小时一战成名，再到他花钱给人表演抽象节目的维也纳金色大厅时期，然后和一龙、向佐整抽象打拳比赛，在中国新说唱上居然认认真真唱了一首蛮出圈的歌，之后销声匿迹一段时间又爆出他暴肥，再到现在参 展开,关注抽象文化这么久了，从药水哥的西鼠霸王时期就知道他，到后来直播名场面和水友对骂一句“宁配吗”六小时一战成名，再到他花钱给人表演抽象节目的维也纳金色大厅时期，然后和一龙、向佐整抽象打拳比赛，在中国新说唱上居然认认真真唱了一首蛮出圈的歌，之后销声匿迹一段时间又爆出他暴肥，再到现在参加健美比赛瘦成魔鬼筋肉人。抽象在过去一直是边缘的，小众的，属于你看不见的下沉市场和基本盘，因此我们看到一个个时势造出来的英雄，又看那些被捧上神坛的网红们流星一般划过天际，再也不见踪影。互联网将各种生活都扁平化地置于同一空间以内予以观赏性，各种各样的人都因此拥有了能够上桌吃饭的资格，但同时也加重了这无形的壁垒——这些边缘的粗野的纯娱乐向的小众文化将不断经历着"
2024/11/12,9,user070,dy的下沉市场真的太严重了，，，简单来说就是野猪吃不了细糠，露这露那是dy大部分人的细糠，早晚沦为第二个慢脚
2024/11/17,1,user071,让时代少年团和慢脚解约 然后给我两张演唱会的票 再给我和我朋友两万块钱
2024/11/20,858,user072,"这个世界就是一个巨大的信息差，最近一些论文都说，宫颈癌要被彻底消除了，以后我们的小孩很可能不知道宫颈癌是什么病了，就像天花一样。但是最大的困境在于，对宫颈癌了解越多的人，反而不是宫颈癌的高发人群。宫颈癌怎么发生的？大家都知道，因为HPV，而且是性引起的HPV，因为HPV只喜欢在基底 展开,这个世界就是一个巨大的信息差，最近一些论文都说，宫颈癌要被彻底消除了，以后我们的小孩很可能不知道宫颈癌是什么病了，就像天花一样。但是最大的困境在于，对宫颈癌了解越多的人，反而不是宫颈癌的高发人群。宫颈癌怎么发生的？大家都知道，因为HPV，而且是性引起的HPV，因为HPV只喜欢在基底层细胞里面生长，如果是成熟的宫颈麟状上皮，HPV很难钻进去，所以HPV更容易感染的是不成熟的麟状上皮，性产生了宫颈上皮的破口，病毒钻进基底层，繁殖后产生一过性感染。在免疫力不好的情况下，才会基因重组，持续感染形成恶变。所以，对自己保护意识很强的、身体健康的成熟女性，不是宫颈癌真正的高发人群。我们国家一直在强调要尽早消除宫颈癌，为什么很难？因为宫颈癌的高发人群在乡村，在低收入地区，自我保护意识和性知识都很缺乏，半数不懂得避孕，过早就有x生活，由于宫颈上皮细胞鳞化不成熟，就很容易导致持续的HPV感染。有时候评论会问，为什么整天推广女性接种宫颈癌疫苗，为什么不让男性接种？虽然现在越来越多男性也去接种疫苗了，但从现实层面上，真正能够从宫颈癌疫苗中获益更大的那部分女性，甚至她自己都不懂什么是宫颈癌疫苗，正是因为她们和伴侣对性知识的缺乏，才会导致很长的病程中间都没有去体检。所以非常矛盾的是，目前全世界范围内，宫颈癌的发病和死亡都集中在中低收入地区，而高收入地区的接种率很高，发病和死亡率均很低，这也被WHO认为是严重的社会经济不平等导致的。原本我一直觉得，大家都知道宫颈癌疫苗了，没必要再宣传了，但现在发现宣传真的远远不够，特别是被那些慢脚文化影响的影响的未成年群体… 收起"
2024/11/22,0,user073,殷世航长得就不像什么好东西啊。。。。中专弟个字矮靠整容获取自信的男的心里都很阴暗的。我看贱男人一向很准。居然有人相信他所谓的fl。。。。。慢脚文化侵蚀中毒了吧
2024/11/29,0,user074,微博像一个巨大的垃圾场，慢脚文化发展到微博就是一群可笑可恶又可怜的成年人在到处挥洒粪水
2024/11/30,10,user075,我嘞个慢脚文化
2024/12/2,2,user076,刚刷小红书 看见个慢脚文化点进去也似懂非懂的想着啥呀这是 啥慢脚 好抽象评论区哈哈哈哈哈哈哈哈哈哈哈哈哈哈快手的反义词 是慢脚哈哈哈哈哈哈哈哈 哈哈哈哈哈哈哈他们好会啊
2024/12/3,2,user077,转载了 的微博图片慢脚文化入侵军号，梦回当年非主流时代
2024/12/6,1,user078,时代少年团周边中转站超话 为什么快手全是慢脚文化，我点不感兴趣都没有……不是未成年🤰🏻就是社会人
2024/12/8,178,user079,"最近发现我儿子经常冒出一些不雅的语气词，估计是学校里学来的，毕竟从他小时候开始我们在家里说话就非常注意用词，说了他几次也没改善，想想算了，毕竟我能管住他，但不能管住他的同学啊。现在短视频那么火，各种参差不齐的人在网上直播，也没有分级什么的，小孩子很容易看到然后被影响，说点脏话还算 展开,最近发现我儿子经常冒出一些不雅的语气词，估计是学校里学来的，毕竟从他小时候开始我们在家里说话就非常注意用词，说了他几次也没改善，想想算了，毕竟我能管住他，但不能管住他的同学啊。现在短视频那么火，各种参差不齐的人在网上直播，也没有分级什么的，小孩子很容易看到然后被影响，说点脏话还算好了，有些时候还有各种软色情、暴力、不良三观，小孩子很难不被这些“新鲜猎奇”的东西吸引。搜了一下网络上遍地都是这种吐槽，而且我发现当代在学生间流行一种“慢脚文化”，大家可以去搜一下，我算是开眼了，只希望我儿子以后千万别去混这种圈子。以前我总觉得我这带人天天泡在网络，知晓流行元素，不会和下一代人有什么代沟，能充分理解他们，但我是天真了，一代人总会有一代人的“代沟”，每一代都不一样。 收起"
2024/12/9,1075,user080,“恨具体的女人”这句话的含金量还在上升，和批判吴柳芳的热度比，慢脚上的恐怖视频好像关心的人很少。之前破站有个博主说：“慢脚就是中国最大的暗网”。 如果大家没听说过，可以去破站搜索一下“慢脚文化”
2024/12/10,514,user081,如图，23年9月就有这种了。更早肯定还有，这类型的视频我刷到很多次，除了cp还有慢脚上粉丝向一抓一大把。紫啧：不知道啊，追剧追着就被骂抄袭了🙉
2024/12/11,1075,user080,“恨具体的女人”这句话的含金量还在上升，和批判吴柳芳的热度比，慢脚上的恐怖视频好像关心的人很少。之前破站有个博主说：“慢脚就是中国最大的暗网”。 如果大家没听说过，可以去破站搜索一下“慢脚文化”
2024/12/14,0,user082,慢脚带出来的恶毒文化………
2024/12/17,1,user083,在算法规则中的每个人都囚禁在各自的信息孤岛里，警惕慢脚文化，祝愿各位都有正确的三观
2024/12/19,2,user084,初中生的慢脚文化真的震惊我 考虑要不要下个慢脚监视一下他们
2024/12/20,48,user085,很多人不敢说被外网统称为中国亚比风的穿搭实际上是从哥特糅到日本视觉系。很多人不敢说中国真正自己的本土亚文化是慢脚精神小妹小伙，文化产出为社会摇。
2024/12/20,55,user086,【】当 大学生拥有一卷钢丝棉，那将会得到……当慢脚遇到钢丝棉，钢丝棉释放的火花，犹如绚丽的烟花，绝美而壮观！ 长沙校园的微博视频
2024/12/22,97,user087,慢脚还是太超前了
2024/12/23,21,user088,突破悟了：以前网文交通发达阶段，现生还停留在讨论婚前该不该做饭现在攻受三婚必须洁，结果打开慢脚就是16岁二宝妈
2024/12/24,1,user089,我他妈就天天画那种长眼线粗卧蚕的慢脚妆 换套衣服就能上直播间摇库里南碎片了
2024/12/26,0,user090,虽然不严谨，但大概是这个意思。（某一天突然意识到有些传统文化的精神还是很重要的我就开了个慢脚号搬运了一点我自己的学习感悟和读书笔记这是其中的一篇无论如何，有些东西是我们的责任嘛虽然没有那种想要很多很多人看到我写的东西的欲望但多一个人看到有些东西，都还是好的）
2024/12/27,0,user091,"四大词典，、剑桥、韦氏、柯林斯。关键发布柯林斯“brat”顽童，做你自己，因为别人都有人做了牛津：Brain rot”，字面意思是“大脑腐烂”“Brain rot”，指的是人们因为沉迷短视频等快节奏的网络内容，而造成的精神疲惫。刷手机刷傻了中文互联网上有个词叫，慢脚文化，这大概是所有家长最厌恶的东 展开,四大词典，、剑桥、韦氏、柯林斯。关键发布柯林斯“brat”顽童，做你自己，因为别人都有人做了牛津：Brain rot”，字面意思是“大脑腐烂”“Brain rot”，指的是人们因为沉迷短视频等快节奏的网络内容，而造成的精神疲惫。刷手机刷傻了中文互联网上有个词叫，慢脚文化，这大概是所有家长最厌恶的东西之一。所谓慢脚文化，指的就是那些所谓的降智内容韦氏：“polarization”也就是“两极化”。剑桥词典：manifest指的是，用具象化或者自我肯定的方法，来帮助你想象自己如愿以偿的场景。（念念不忘必有回响）捍卫大脑吧🧠 收起"
2024/12/27,0,user092,打开抖音看到家暴和慢脚文化这个世界还会好吗地球能不能爆炸
2024/12/28,4,user093,沉浸式感受了半小时慢脚文化可能我年纪大了、、、
2024/12/28,3,user094,我03月29日第一次听到这个词 慢脚文化 搞笑沫姐的微博视频
2024/12/29,0,user095,我的初中已经变质了，一群人派个人去买烟然后分着抽是吗，慢脚文化还在渗透，使我难过的是，我现在长大了终于拥有明辨是非的能力，却叫不醒从前的自己。
2024/12/30,2,user097,"好害怕啊『慢脚文化，正在洗脑小学生贩卖裸照。』 展开,好害怕啊『慢脚文化，正在洗脑小学生贩卖裸照。』 收起"
2024/12/30,9,user098,最近爱看慢脚文化 接受度已经越来越高了
2024/12/31,3,user099,“拒绝慢脚文化，保护民族未来！” 
2025/1/3,34,user100,什么叫慢脚文化？
2025/1/4,0,user101,这几天经常看到慢脚文化，想了一会，草，原来是快，手，好神经
2025/1/6,0,user102,明明我刚刚有点点饿………，刷到慢脚文化里有一个用鞋吃饭………一下我就不饿了
2025/1/6,1,user103,无意间听到了慢脚文化这个词，好奇特地去搜了一下，真的是够恶心低俗的疯了，给这些人都🈲起来好吗
2025/1/8,0,user104,真正需要帮助的未成年女性，反而被“现在的小孩怎么这样”、“混的人”、“慢脚文化”、“我的女儿要是这样我就打死她”轻轻带过了
2025/1/10,3,user105,"现在的小孩子真是啊，偏偏在最没有判断辨别能力的年龄遇见了网络上最泛滥的低俗恶臭烂梗。他们没有判断能力，不知道这些乱七八糟的网络文化究竟是什么意思值不值得追捧，只知道，同学们都在说都在讲，这便是潮流，那我便要追随潮流，一定要竟相模仿，生怕融入不了同学们融入不了这个环境。这是什么好 展开,现在的小孩子真是啊，偏偏在最没有判断辨别能力的年龄遇见了网络上最泛滥的低俗恶臭烂梗。他们没有判断能力，不知道这些乱七八糟的网络文化究竟是什么意思值不值得追捧，只知道，同学们都在说都在讲，这便是潮流，那我便要追随潮流，一定要竟相模仿，生怕融入不了同学们融入不了这个环境。这是什么好的环境吗？一个个嘴里蹦出来的都是很恶俗的梗，满嘴脏话，满口谎言，刻意扭曲原本意思的成语和诗句，让人听的心理不适的程度。也别指望家长和老师管。并不是没管，而是管不了，也根本管不过来。网络文化太泛滥了，他们乐意去学这些“潮流”。现在的小孩子一点都不可爱。我本来也不喜欢小孩子，直到现在，我都没有碰见过任何一个小孩可可爱爱的乖乖的。所以，街上看见的任何一些小孩，一开口，我就想普遍的给上一脚。（言论偏激，乐意杠就杠，反正杠之前得反思一下，现在的慢脚文化是不是在小学生之间很泛滥，是不是恶心到你了） 收起"
2025/1/10,5,user107,意思大概是有天侄女带着黄毛男孩回家见父母发现爸妈还处在爱拍慢脚短视频的年纪，我一时也很难解释为什么我的爸妈这么年轻心态。
2025/1/11,0,user108,"突然确诊地雷女了……以前那些对健人没由来的厌恶和难以融入群体社会，30了还是抽象亚比没法接受健人的世界，突然都合理起来了只能说庆幸我生的早没有赶上这波网络地雷浪潮，不然我分分钟割一堆写轮眼圆角od都不在话下然后成为慢脚文化的一份子与低龄孕妇和臭水沟躺平妹平起平坐 展开,突然确诊地雷女了……以前那些对健人没由来的厌恶和难以融入群体社会，30了还是抽象亚比没法接受健人的世界，突然都合理起来了只能说庆幸我生的早没有赶上这波网络地雷浪潮，不然我分分钟割一堆写轮眼圆角od都不在话下然后成为慢脚文化的一份子与低龄孕妇和臭水沟躺平妹平起平坐……… 收起"
2025/1/12,0,user109,什么是慢脚文化啊
2025/1/12,4,user110,慢脚文化，我真开了眼了
2025/1/13,1,user111,当时被他超话的图片稠到了平时发的有点像慢脚文化入侵微博正文
2025/1/14,0,user112,"恨女味特重的BOT皮下基本都是男的呀尤其腐姐爱在底下拉屎的几个这种群体其实更适合跑慢脚呆着不理解搞同人搞到属性＞一切的人脑子里装了些什么，都能为了陋室火每日发帖骂女打女你真是从你家00港门掉出来的吗？男的和精神男一边开共享计划捞钱一边带着蠢比冲锋陷阵爽死你们了，同人割爱 展开,恨女味特重的BOT皮下基本都是男的呀尤其腐姐爱在底下拉屎的几个这种群体其实更适合跑慢脚呆着不理解搞同人搞到属性＞一切的人脑子里装了些什么，都能为了陋室火每日发帖骂女打女你真是从你家00港门掉出来的吗？男的和精神男一边开共享计划捞钱一边带着蠢比冲锋陷阵爽死你们了，同人割爱南通爱到他们漏的屎你都能大口大口的舔是吗，最该买保健品的是你们啊 收起"
2025/1/14,33,user113,还好洋人是下载小红薯而不是慢脚 不然我真不知道咋给嫩洋人们解释这个事
2025/1/14,0,user114,哇 看个辩论弹幕给我整吐了 不是阿b你买的水军吧 知道的是你想搞下沉 不知道的以为慢脚文化呢
2025/1/16,3,user115,慢脚文化已经入侵微博了吗？哈哈哈哈哈哈这条点赞多我直接拿她当头像
2025/1/17,1,user116,慢脚和饭圈等不良文化盛行的同时我也庆幸自己因为互联网接触到看到了女性主义和许多有能力自身价值强的女性。重要是，你自己在学什么，在看什么。
2025/1/18,12,user117,新型慢脚文化，这是21世纪能做出来的事？？？
2025/1/20,71,user118,佐鸣最毫克直尺佐鸣超话 就说别看慢脚吧没文化的人一抓一大把（bg榜问佐鸣怎么没上榜况且视频打了佐鸣标签）
2025/1/20,12,user119,"张元英超话💭大半夜刷个视频给我气死 一场特别美的直拍 还要被恶意截图隐私部位 开h腔 脑子被💩灌多了是不只能在慢脚上面作威作福 自以为很权威行为之前完羊在酒店发的ins也同样被某些所谓对家毒唯粪拿去贴上同城🈷️抛等字眼 看得我真的是心梗我 展开,张元英超话💭大半夜刷个视频给我气死 一场特别美的直拍 还要被恶意截图隐私部位 开h腔 脑子被💩灌多了是不只能在慢脚上面作威作福 自以为很权威行为之前完羊在酒店发的ins也同样被某些所谓对家毒唯粪拿去贴上同城🈷️抛等字眼 看得我真的是心梗我觉得我是一个小圆甜唯 对撕逼事件一般都装看不见 但是每次在各种平台上看着对这个真诚小女孩无缘无故的恶意 h💊 造💊偷文化啥的真的很心疼 求世界对元英好一点吧 收起"
2025/1/20,0,user120,03月29日听了一个新词 慢脚文化 想了想 慢脚对面 快手
2025/1/21,0,user121,看完慢脚文化我觉得我也能说出成何体统
2025/1/21,3,user122,小🍠上是歌舞升平的，看到不少人感慨可以消除歧视偏见，那还好人家没去慢脚逼站还有咱们🧣啊，不然别说消除歧视了，估计直接销号跑路了。说到底还是因为他们接触最多的是有一定经济基础和社会地位的善良的女性、女性、女性！
2025/1/21,10,user123,我真觉得有些小孩被手机那些慢脚文化荼毒得很吓人
2025/1/22,0,user124,别跟风在网络上ed了妹子们 现实中喝完魔爪开胃下楼去惠民超市旁边的饭馆干了两锅冒菜 小小的老子玩雷的时候你们管我叫慢脚文化 现在一个个宝宝 宝宝的叫 装你妈呢
2025/1/22,0,user125,我求了别让慢脚文化侵入老炸生活好吗
2025/1/22,5,user126,这就是国色芳华在慢脚的排面！！！
2025/1/22,0,user127,慢脚文化实在太吓人了
2025/1/23,0,user128,我勒个老天爷 我以前在干嘛 慢脚文化吗
2025/1/24,3,user129,在dy刷到想要讽刺慢脚文化的视频，能不能不要再用真的小孩去拍了，感觉怪怪的
2025/1/25,14,user130,你知道“慢脚文化”正在毁掉我们的下一代吗？ 唯美句集的微博视频
2025/1/25,417,user131,前几天被朋友科普到了震碎三观的慢脚文化，什么“姨妈🩸拌面”“14岁生子”等等。第一反应就是这不就是楼丝能干出来的事么？尤其是wpp。
2025/1/25,0,user132,慢脚文化真的不可说
2025/1/26,8,user133,"03月29日读初三的外甥在家里玩，给我看他手机里的他姐姐毕业的时候一些照片，看到一张合照我惊叹“高中生穿这么潮”，我刻板印象停留在我读书时学生的穿搭，都偏古板没那么前卫。我外甥来了一句：这有什么，我们初中的女生比这还潮。然后他打开QQ给我看他们班有几个女生发的视频，我震惊了， 展开, 03月29日读初三的外甥在家里玩，给我看他手机里的他姐姐毕业的时候一些照片，看到一张合照我惊叹“高中生穿这么潮”，我刻板印象停留在我读书时学生的穿搭，都偏古板没那么前卫。我外甥来了一句：这有什么，我们初中的女生比这还潮。然后他打开QQ给我看他们班有几个女生发的视频，我震惊了，初中生拍的视频就是那种抖性感擦边的。然后，我外甥说这很正常啊，快手都专门有这么一个群体，还挺赚钱，让我去搜“慢脚文化”，了解后说实话有点震碎三观，时代发展太快，现在的小孩太早接触网络衍生出来的弊端。我以前一直觉得我跟我的晚辈没啥代沟，03月29日他给我看了他QQ里面同学的动态以及跟我讲“慢脚文化”，着实让我觉得年代不一样，真的代沟很深～ 收起"
2025/1/26,8,user134,祺我超话 劣质文和慢脚文化滚出这个超话
2025/1/26,3,user135,感觉wpp是小时候发高烧给自己脑子烧坏了
2025/1/26,213,user131,这个晦气的wpp一定要吸走所有晦气。
2025/1/26,,user136,"卧槽你们敢信吗？楼丝这群小学生为了造谣刘耀文说这个痘印是吻痕，现在到处在说“我和男人do过爱这肯定是草莓”🙉这就是“慢脚文化”的具象化体现了……, 路人朋友们再看到这么奇怪的tag，就知道刘耀文粉丝又在凭一己之力抵制饭圈的“慢脚文化”了。起因是cp粉（wpp）看到明眼人一眼看得出来的痘印，无厘头不顾后果地臆想式磕糖说“受方留下的🍓印”，楼丝顺着这个点有的造谣恋爱，有的造更恶劣的huang谣。楼丝 展开, 路人朋友们再看到这么奇怪的tag，就知道刘耀文粉丝又在凭一己之力抵制饭圈的“慢脚文化”了。起因是cp粉（wpp）看到明眼人一眼看得出来的痘印，无厘头不顾后果地臆想式磕糖说“受方留下的🍓印”，楼丝顺着这个点有的造谣恋爱，有的造更恶劣的huang谣。楼丝的臭名昭著各个圈都有所耳闻。只是没想到我担皮肤向来不错因为连轴转工作冒了一个痘，就遭受如此不可理解的无妄之灾，只能说监管部门针对时代峰峻粉丝抵制饭圈慢脚文化刻不容缓。 收起"
2025/1/26,1,user137,没糖硬磕，小心把牙磕坏了
2025/1/26,1,user137,wpp什么时候才能滚啊
2025/1/26,1,user138,懒得喷 心脏看什么都脏
2025/1/26,0,user139,碗盆批简直就是慢脚文化入侵小学生的最佳真实写照
2025/1/26,642,user140,心疼的立马去慢脚逛一圈再去ts开的嘿楼逛一圈最后去看一下23年齿轮⚙️铲国永远需要纯血毒唯
2025/1/27,0,user141,就是一群傻子
2025/1/27,0,user142,看到朋友圈里都在认真准备年夜饭菜单的时候，感慨自己还是停留在妈妈做什么吃什么的年纪。Yes！我是妈宝女，离开了妈妈活不下去的那种and 我可能就是慢脚文化的产物无所栾味
2025/1/28,52,user143,"我知道，你最喜欢伪装学渣了，逢年过节偷别人约的稿件拼成九宫格再在文案加一句朝俞99，一有点事就听风就是雨开始骂木瓜黄不作为，真正需要维权的时候不在，但可以在音符和慢脚因为第一章标题和谢俞到底有没有说“哥，我成年了”和别人争到昏天黑地，最后在超话发一句“都说先苦后甜，但是我们伪渣却苦 展开,我知道，你最喜欢伪装学渣了，逢年过节偷别人约的稿件拼成九宫格再在文案加一句朝俞99，一有点事就听风就是雨开始骂木瓜黄不作为，真正需要维权的时候不在，但可以在音符和慢脚因为第一章标题和谢俞到底有没有说“哥，我成年了”和别人争到昏天黑地，最后在超话发一句“都说先苦后甜，但是我们伪渣却苦了一年又一年”。 收起"
2025/1/29,22,user144,妈的我服了什么时候撕了我咋一点不知道呢？？？别把你们那破慢脚文化带wb知道吗你们天天就知道在ks我们现在就专注自家好好宣传国王但是你们现在在干嘛ks又在带什么节奏？大年初一我不想说你们但是你们到底在干嘛引导鱼丝？还是引站？
2025/1/30,4,user145,"来回复一下最近很多🍊问我的问题：🍊：鞠婧祎和虞书欣两家粉丝开撕了吗？是对家吗？淋雨：百分之一万不是哈 别天天待在慢脚了 慢脚文化风气差的要死哈 一堆bp也是装上大佬了在那里引战什么的 不用理 鞠婧祎和虞书欣关系不错（鞠婧祎发虞书欣永夜星河 虞书欣手机壁纸是鞠婧祎等）橘子和石榴关系也 展开,来回复一下最近很多🍊问我的问题：🍊：鞠婧祎和虞书欣两家粉丝开撕了吗？是对家吗？淋雨：百分之一万不是哈 别天天待在慢脚了 慢脚文化风气差的要死哈 一堆bp也是装上大佬了在那里引战什么的 不用理 鞠婧祎和虞书欣关系不错（鞠婧祎发虞书欣永夜星河 虞书欣手机壁纸是鞠婧祎等）橘子和石榴关系也很好 所以根本没有开撕 收起"
2025/2/1,3,user146,描绘了一下忘了在哪看到的现代pa 大概是中专辍学喜欢发腹肌照配网抑云文案的不良精神小伙➕天天在下沉市场更恋爱日记的好学生娇7的慢脚情侣组合 太土了味有点冲对不起，
2025/2/2,0,user147,比起没有意识到慢脚文化毒害，更可怕的是一边清醒地知道慢脚文化毒害，一边清醒地刷着短视频过年几天天天都在刷短视频熬夜刷短视频。
2025/2/2,0,user148,虽然已对这一双文化有限品味低俗气质慢脚袜侣的low度了然于胸，但看他们抄抄捡捡别人的发言还敢死皮不要脸的给自己挂上热搜自吹自擂我是真有点替驴儿盖儿脸红了，当久了狗不太习惯当人吧
2025/2/2,1,user149,希望哪吒之魔童闹海超话 这部电影中的热血友情不要再被恶搞成爱情剧，这和爱情没有一点关系，里面最浓烈的感情是亲情和友情，这样故事情节的意义就变了，也会变成慢脚文化影响小孩子的三观。
2025/2/3,0,user150,慢脚文化延伸到微博了吗 好可怕的你们
2025/2/5,1,user151,慢脚文化真的没人管吗？注册账号看了一下，二十分钟后落荒而逃，连夜注销。 暴力、色情、擦边、早孕、年少恋、性暗示、抓马的剧情、畸形的价值观，像是大型的浏览器跳动页面，有博主评价说是小暗网，我觉得也不过分。没点防沉迷能力真的会溺死在里边。
2025/2/5,0,user152,"真的很好奇总是一昧抨击软件好坏的人到底是什么成分，我在各种软件都有学到过东西，诸如dy，我看到了一些苦难的人的发声（比如被家暴，比如原生家庭的苦难，比如结婚之后日子过得多惨……）看完这些真正发生在普通人身上的事情后，我真的有去深思并引以为戒，就是刷多了这些才把我恋爱脑的毛病彻底改掉 展开,真的很好奇总是一昧抨击软件好坏的人到底是什么成分，我在各种软件都有学到过东西，诸如dy，我看到了一些苦难的人的发声（比如被家暴，比如原生家庭的苦难，比如结婚之后日子过得多惨……）看完这些真正发生在普通人身上的事情后，我真的有去深思并引以为戒，就是刷多了这些才把我恋爱脑的毛病彻底改掉，我很感谢dy，感谢女性勇于以发视频的形式发声。小🍠，我最偏爱的软件，我在上边我学到很多东西，比百度好用，主要是偏爱总能时不时碰上一些大佬为你解答疑惑，并看到一些你想了解的某些事情的真实的一面，我在这里受到的大女人的鼓励并不少，在这里感谢女性。还有人说慢脚，其实我没刷到那些初中生或者小学生的那些什么视频，至少大数据没推给我过，只有自己专门刻意去搜索才有真正看到了什么才让我不会随波逐流，我也不会一昧去批判什么，我认为这个在于人怎么使用，大数据需要驯化，就像人工智能AI，我就把我的所有软件的大数据驯化挺好的，我是真有在学到什么，诸如人文知识、医学知识、蕴含哲理的精神文化等，对此我很感激，也感激自己的理性看待一切事物 收起"
2025/2/5,0,user153,妈的一上快手全他妈是撕逼 慢脚文化是这样的
2025/2/5,6,user154,"沈腾超话 不是这么离谱的谣言也有人信，还有什么叫越离谱越真，那意思当年fcc和玲的也是真的了？假的就是假的，带节奏的都给我滚。现在越来越看不懂了ks手自己的慢脚文化，dy有它的谣言文化呗。现在造谣的成本也太低了吧，就凭一张嘴就在这随便瞎说啊，下面还有一堆附和的，现在这世道就是辟谣也不 展开,沈腾超话 不是这么离谱的谣言也有人信，还有什么叫越离谱越真，那意思当年fcc和玲的也是真的了？假的就是假的，带节奏的都给我滚。现在越来越看不懂了ks手自己的慢脚文化，dy有它的谣言文化呗。现在造谣的成本也太低了吧，就凭一张嘴就在这随便瞎说啊，下面还有一堆附和的，现在这世道就是辟谣也不让了吗？ 收起"
2025/2/6,2,user155,慢脚文化越来越可怕了你安利就好好安利非要带上不明女士怎么着太闲了啊非要让人家大粉工作量增加啊非要让人知道你那个时候粉上的很了不起你们是这个让人看笑话（迷惑行为远离我家徐坤）
2025/2/6,0,user156,开吃完，和高一小朋友一起下午茶，真心学习到了这些接近10后的年轻思想，知道了好多我没听过的名词，和他们流行的东西，慢脚文化我是真的第一次听说。
2025/2/7,171,user157,我说呢，最近这么多人一会儿说小露忘本，一会儿私信骂我忘本，刚才上慢脚看了一会儿，原来是慢脚文化正火的一个梗，咱下次能别看到个梗就搬出来丢人吗
2025/2/7,0,user158,爱看这种私联上瘾的low货的归宿是慢脚 给同城男的送俩大飞机他也能舔着脸来找你 “不要不开心了就不给我送礼了”和“不要因为不开心就不写我的晃文了”是同一个意思
2025/2/7,35,user159,"前一阵，知道了一个新词：慢脚文化。我花了一些时间了解了一下，感觉就是当年的那些留守儿童，短视频推送，圈层等等因素综合起来，形成的一种新一代人的亚文化。身在其中的娃，真的都挺危险的。微博正文我身边有朋友担心自己孩子也会受其影响。应该说，到我们孩子这一代，孩子之间的 展开,前一阵，知道了一个新词：慢脚文化。我花了一些时间了解了一下，感觉就是当年的那些留守儿童，短视频推送，圈层等等因素综合起来，形成的一种新一代人的亚文化。身在其中的娃，真的都挺危险的。微博正文我身边有朋友担心自己孩子也会受其影响。应该说，到我们孩子这一代，孩子之间的差距极其大，各个群体之间有着非常复杂的细分。孩子有被父母认真关注，不是长期被手机“安抚”大的孩子，一般很难去到这个圈子。要知道，孩子到青春期都会形成亚文化圈子（其中大多数都会被父母觉得幼稚，无聊，不体面，不成熟。就像我们在这个年龄段经历过的一样），但这代人，他们的圈子复杂得多了。互联网的各种推送机制，会让同类能够更好的集中，并且向着非常极致的方向发展。所以，好的会更好，糟的也会更糟。而要避免风险，很重要也很基础的还是：多花点时间陪陪孩子。让孩子更多地与人相处，而不是随机推送的各种信息。另外，给孩子一个积极的生活榜样，而不是自己也沉迷手机上的低阶信息和娱乐。与其焦虑孩子“学坏”，不如带着着他过好一天天的生活。 收起"
2025/2/8,0,user160,崩如溃，怎么我的傻抖给我干慢脚文化那去了，真是开了眼了，光看截图已经生理不适了，成何体统这种话也是从我嘴里说出来了🤮
2025/2/8,35,user159,"前一阵，知道了一个新词：慢脚文化。我花了一些时间了解了一下，感觉就是当年的那些留守儿童，短视频推送，圈层等等因素综合起来，形成的一种新一代人的亚文化。身在其中的娃，真的都挺危险的。微博正文我身边有朋友担心自己孩子也会受其影响。应该说，到我们孩子这一代，孩子之间的 展开,前一阵，知道了一个新词：慢脚文化。我花了一些时间了解了一下，感觉就是当年的那些留守儿童，短视频推送，圈层等等因素综合起来，形成的一种新一代人的亚文化。身在其中的娃，真的都挺危险的。微博正文我身边有朋友担心自己孩子也会受其影响。应该说，到我们孩子这一代，孩子之间的差距极其大，各个群体之间有着非常复杂的细分。孩子有被父母认真关注，不是长期被手机“安抚”大的孩子，一般很难去到这个圈子。要知道，孩子到青春期都会形成亚文化圈子（其中大多数都会被父母觉得幼稚，无聊，不体面，不成熟。就像我们在这个年龄段经历过的一样），但这代人，他们的圈子复杂得多了。互联网的各种推送机制，会让同类能够更好的集中，并且向着非常极致的方向发展。所以，好的会更好，糟的也会更糟。而要避免风险，很重要也很基础的还是：多花点时间陪陪孩子。让孩子更多地与人相处，而不是随机推送的各种信息。另外，给孩子一个积极的生活榜样，而不是自己也沉迷手机上的低阶信息和娱乐。与其焦虑孩子“学坏”，不如带着着他过好一天天的生活。 收起"
2025/2/8,39,user161,能不能不要把慢脚文化带到饭圈来
2025/2/9,19,user162,"【3689】tg 极圈是被诅咒了吗？怎么会有人为了舔而生！舔红姐，刚整顿了一下，还没整顿好。我以为是慢脚年龄小没管。怎么转头dy的私生都舔上去了？人家都坐到张极旁边去了你们还在那宝宝好美 宝宝好萌 宝宝好漂亮。你们这些爱舔的去找大师算一下是不是碰到什么脏东西了 实在不行不要批极丝的皮，太丢人 展开,【3689】tg 极圈是被诅咒了吗？怎么会有人为了舔而生！舔红姐，刚整顿了一下，还没整顿好。我以为是慢脚年龄小没管。怎么转头dy的私生都舔上去了？人家都坐到张极旁边去了你们还在那宝宝好美 宝宝好萌 宝宝好漂亮。你们这些爱舔的去找大师算一下是不是碰到什么脏东西了 实在不行不要批极丝的皮，太丢人了 收起"
2025/2/9,39,user161,能不能不要把慢脚文化带到饭圈来
2025/2/9,402,user163,妈耶 这不慢脚上面常见的精神入吗🤣🤣🤣
2025/2/10,2,user164,刷到了一则关于慢脚文化的视频……受到了极大的震惊😨这种毒害未成年人三观的平台怎么还没摧毁啊，口口声声清朗，结果呢？
2025/2/10,0,user165,救大命刷到慢脚文化，别把我吓死
2025/2/10,0,user166,刷到了慢脚文化的视频，怎么说呢，我以为我接触到的案例已经够吓人了，视频中的行为举止更吓人，，这种“文化”怎么才能消失…
2025/2/11,402,user163,妈耶 这不慢脚上面常见的精神入吗🤣🤣🤣
2025/2/11,166,user162,【3717】tg:慢脚那个皓妹好妹怎么什么cp都磕 啥棍铲 极皓 顺铲 宝铲 左新房 润铲全发作品。是在蹭热度吗 你粉苏新皓就专心 你磕cp也专一点呗 是在自己拆自己的cp吗？。不理解不尊重
2025/2/11,14,user167,呃呃呃这是什么慢脚文化，是在拍硬史风吗
2025/2/11,0,user168,慢脚文化，网络鸦片
2025/2/11,2,user169,抖音上有一堆博主拍混的人一天生活 我真的觉得价值观有点不好 尤其有一个06年的还04年的生娃的女孩 一下起号成功了还…我就想 抖音也要像慢脚文化进学习了吗
2025/2/11,1,user170,一直觉得拿表情代字日人很吓人，慢脚风满满，结果发现光打字是一条也发不出去
2025/2/13,0,user171,五六代女团粉和慢脚文化差不多🌚
2025/2/13,0,user172,什么时候我才能搞明白慢脚文化
2025/2/13,0,user173,慢脚文化入侵三地鼠宇宙
2025/2/13,0,user174,擦边？低俗？慢脚文化，不止在荼毒青少年 擦边？低俗？慢脚文化，不止在荼毒青少年
2025/2/13,0,user175,这啥。。。慢脚文化❓
2025/2/13,0,user176,最近老刷到慢脚文化，我妹已经被慢脚侵袭了一点了……我每次都直接ks私信她，因为ks她回的快。她甚至给网络主播刷钱……我倒是看过她看的那些直播，真的是那种nc剧情尬演，但是我两个妹妹看的津津有味
2025/2/14,5,user177,"不儿 dy刷到那些10后小孩儿被慢脚文化入侵真的觉得恐怖我也是小学一年级五六岁左右有手机的，现在看那个年纪也确实什么都不懂，大潮流拍什么跟着拍什么，也庆幸那时候即便有美拍小咖秀那样大火的社交媒体软件，但至少内容推广的都是正常人看的，最多是那些为了做粘土做史莱姆学习不好读中专的女 展开,不儿 dy刷到那些10后小孩儿被慢脚文化入侵真的觉得恐怖我也是小学一年级五六岁左右有手机的，现在看那个年纪也确实什么都不懂，大潮流拍什么跟着拍什么，也庆幸那时候即便有美拍小咖秀那样大火的社交媒体软件，但至少内容推广的都是正常人看的，最多是那些为了做粘土做史莱姆学习不好读中专的女孩儿或者整个炫富视频说话浮夸了点的看到现在那样穿着乱七八糟衣服擦边的10后简直太吓人了那时候明明也有色情低俗啊 现在还是网络发达了 坏人也多了 恐怖 还好我长大了 收起"
2025/2/14,0,user178,00后是死都不生，慢脚文化里的10后是死都要生是吧我真的求求你们家长了，生了孩子就请负责好吗这到底是什么扭曲的价值观
2025/2/14,3,user179,什么叫慢脚文化？ 圣叹财经的微博视频
2025/2/14,0,user180,天天刷到一堆吐槽慢脚文化的视频重合率95%以上 台词剧情一模一样我说你们有意思吗 歇歇吧
2025/2/14,0,user181,03月29日才了解到一个新词，慢脚文化，好炸裂
2025/2/15,0,user182,好可怕的慢脚文化
2025/2/15,2,user183,刷到了慢脚文化，我现在就去下个慢脚🦶看看
2025/2/15,0,user184,猪毛这种被慢脚文化荼毒的小学生 家长每天扇两个巴掌没收手机就能调理好了
2025/2/15,1,user185,尼玛啥慢脚文化 真是流行一个词就瞎用 都说穿衣自由了就别瞎bb了路过来咔网页链接 感谢感谢！！
2025/2/15,10,user186,诡密给我讲原著：战争与和平永恒之心jack&rose汉化版 梁祝现代版打开电视剧：深受慢脚文化熏陶在锁骨上纹身在手掌上刻字的精神小妹伙
2025/2/16,2,user187,"这几天见了很多小孩 也刷到很多关于慢脚文化的视频 教育环境和成长环境真的需要家长重视 想起自己在最敏感的初中时期 那时候165的身高 九十斤的体重 被班里一群瘦的和竹竿一样只有一米五几 七八十斤的女混混 嘲笑肥胖 一天到晚盯着我的腿看 然后指着我的腿大笑说好粗好肥 被校园暴力 网络暴力 我甚至 展开,这几天见了很多小孩 也刷到很多关于慢脚文化的视频 教育环境和成长环境真的需要家长重视 想起自己在最敏感的初中时期 那时候165的身高 九十斤的体重 被班里一群瘦的和竹竿一样只有一米五几 七八十斤的女混混 嘲笑肥胖 一天到晚盯着我的腿看 然后指着我的腿大笑说好粗好肥 被校园暴力 网络暴力 我甚至觉得他们说的是对的 沉浸在自卑和自闭里无法学习现在我体重一百二 我觉得我身材好的不得了 收起"
2025/2/16,25,user188,"我好像每天都在干着急 在学校的时候做不了数据干着急 在家的时候催数据干着急 总是在想着我们明明占了这么大优势可为什么粉圈还是这么死寂？ 慢脚音符的不肯做数据 不肯氪金 有一些只知道每天签个到 帖也不发两个 官博也不评论两句 每次需要的时候总是没有人 每次都说不能要下家赶上来不能让下家赶上来 展开,我好像每天都在干着急 在学校的时候做不了数据干着急 在家的时候催数据干着急 总是在想着我们明明占了这么大优势可为什么粉圈还是这么死寂？ 慢脚音符的不肯做数据 不肯氪金 有一些只知道每天签个到 帖也不发两个 官博也不评论两句 每次需要的时候总是没有人 每次都说不能要下家赶上来不能让下家赶上来 那你倒是冲啊 智圈需要你们啊 慢脚音符有流量你就安利啊 有时间多去微博了解一下好不好？智圈需要你们 真的很需要 非常非常需要 如果你们真的有时间的话那就来微博做数据好吗 我不是想伤你们的心 我也只是想让我们强大起来 变得不再是那个谁都能踩两脚的粉圈 智恩涵很有实力很有颜值 我真的不想让一个真正努力的小孩的梦想因为粉圈不活跃而被泯灭 明明智恩涵出圈的时候很多 可是就是因为没有做到充分的安利 所以了解的人少之又少 我们真的应该行动起来了 做数据吧好吗 多和超话里的人互动好吗 多去小智微博zzp好吗 官组的置顶有所有的教程 你们去看看好吗 去动手做做好吗 我们不是吹吹就能当top的 我们要努力 我们要一步一步制定目标 一步一步把自己培养成数据批 要让智恩涵粉圈强大起来 让智恩涵被公司重视起来 让智恩涵的流量可观起来 你们一定会做到的对吗 纸飞机们你们是最棒的 行动起来好吗 收起"
2025/2/16,28,user189,国抖赛道还是太挤了，建议投慢脚，抽象的容易🔥，也符合土黄气质
2025/2/17,1,user190,这世界到底怎么了啊啊啊啊啊 慢脚文化退退退
2025/2/17,2,user191,慢脚文化滚啊
2025/2/17,1,user192,"感觉我表妹被慢脚文化给害了，她每天开口就是一些网上的烂梗，说话特别没有分寸，成绩也不好。现在初一，除了语文和政治，每门科都不及格。也不是说要用一个人的学习成绩来评定一个人，但她这也太离谱了。每天都在玩手机，虽然说现在大家都离不开手机，但她现在连走路和吃饭都一直在玩手机，有时候真怕 展开,感觉我表妹被慢脚文化给害了，她每天开口就是一些网上的烂梗，说话特别没有分寸，成绩也不好。现在初一，除了语文和政治，每门科都不及格。也不是说要用一个人的学习成绩来评定一个人，但她这也太离谱了。每天都在玩手机，虽然说现在大家都离不开手机，但她现在连走路和吃饭都一直在玩手机，有时候真怕她过斑马线没注意行驶的车辆。谈恋爱了，她对象是一个小黄毛，视频里面长得非常稚嫩，但嘴里却叼着一根烟。我曾经那么可爱的妹妹怎么就变成这样了 收起"
2025/2/17,1,user193,慢脚文化太恶心了
2025/2/17,0,user194,昨天刚刚知道什么是“慢脚”文化……
2025/2/17,1174,user195,是所谓的慢脚文化吗？前段时间家长们都在讨论这个事情。我女儿四年级，回来经常跟我说班上的同学会说很难听的让人听不懂的话。真的，某手平台真的不用多审核审核吗？ 弋起xiao熙熙的微博视频
2025/2/17,1,user196,抵制慢脚文化现在的小孩子应该多出去玩玩 现在的网络风气会害了他们太吓人了家乡好好管管吧
2025/2/17,1,user197,上次搜了所谓的慢脚文化！真的震碎三观！
2025/2/17,0,user198,我觉得现在小孩根本心智都太逆天了 有一半原因是父母的不作为 那些说孩子经常玩手机的家长在孩子成长过程也是给孩子敷衍了事的 慢脚文化太可怕了
2025/2/17,2,user199,？又是啥慢脚文化
2025/2/17,3,user200,互联网发达的弊端这不就显现出来了 慢脚文化真的带坏了很多wcn 真应该想个办法控制一下了
2025/2/17,0,user201,慢脚文化🌚🌚
2025/2/17,2,user202,？能不能整治一下慢脚文化啊？
2025/2/17,15,user203,整治一下这种慢脚文化吧 把小朋友都搞成什么样子了 看的我真害怕
2025/2/17,0,user204,支持网络空间清朗行动整顿“慢脚文化”，一系列网络恶俗用语与风气严重荼毒青少年心理健康。尤其是青少年正处于对外界形成初步认知，通过外界塑造正确的价值观念的时候，因平台监管者的不作为，大量青少年的身心健康都已经被严重荼毒了。
2025/2/17,89,user205,“慢脚文化”，影响了未成年的价值观，导致他们模仿错误行为。家长应警惕孩子通过手机接触不良信息，引导他们树立正确价值观 心願逢冬的微博视频
2025/2/17,4,user206,不敢看啊 慢脚文化别带坏小孩了
2025/2/17,0,user207,慢脚文化到底是啥啊
2025/2/17,0,user208,慢脚文化能别带坏小孩吗
2025/2/17,1,user209,好好教育教育吧慢脚文化太可怕了
2025/2/17,1,user210,保护未成年，严惩始作俑者和相关平台！
2025/2/17,1,user211,现在小朋友之间流行所谓的“慢脚文化”
2025/2/17,21,user212,"【】 主播手持写着祝福语、表白语的牌子，在镜头前拍照或录制短视频，这类短视频曾一度在网上走红。据南方周末报道，“举牌”这一原本充满创意的互动形式逐渐变质，延伸出一些擦边色情的灰色交易，更让人触目惊心的是，拍摄此类视频的主播中， 展开,【】 主播手持写着祝福语、表白语的牌子，在镜头前拍照或录制短视频，这类短视频曾一度在网上走红。据南方周末报道，“举牌”这一原本充满创意的互动形式逐渐变质，延伸出一些擦边色情的灰色交易，更让人触目惊心的是，拍摄此类视频的主播中，有不少未成年人：只需花费3-20元不等，就可以指定一名未成年人，在身体的隐私部位写上买主定制的名字或内容。若再加价10-30元，可以获得更多“个性化服务”。不少身处“举牌圈”的未成年人认为，自己“举牌”既无任何实际损失，又能赚点零花钱，何乐而不为。然而，未成年人没有意识到，围绕着“举牌”视频的，有心理阴暗扭曲的看客，有涉足泥潭更深的同龄人，有居心叵测的不良商家，有永远无法抹去的网络记忆。令人遗憾的是，初涉“举牌圈”的孩子总是只看到“牌子的正面”，看到屏幕前轻而易举爆出的“金币”，却不知还要接受骚扰、诈骗、心理创伤等伤害，接受“黑历史”如影随形。一名14岁就入圈的博主称，那些骚扰语言就像刀片一样，一片一片飞过来，一度整夜整夜地失眠，即使勉强入睡，也会被噩梦惊醒。放眼互联网，未成年人色情擦边的内容还有不少。有孩子小小年纪穿“奶辣风”、化浓妆，突出所谓的反差感，对着镜头挤眉弄眼；有的被引诱成为“福利姬”，将自己的大尺度照片、视频打包卖给各路网友；有的用试卷改做露脐装、宣扬全网年龄最小宝妈，把“慢脚文化”当成流行文化……未成年人的网络环境不该如此乌烟瘴气，未成年人更不应该成为低俗文化的主角。2024年10月，中央网信办通报“清朗·2024年暑期未成年人网络环境整治”专项行动典型处置案例，其中明确提到“一些不法分子在短视频平台借‘举牌’拍摄、贩卖淫秽色情制品”。未成年人擦边“举牌”利益链条上，利欲熏心的卖方，组织“举牌”表演的商家，猥琐的买方都涉嫌违法。关涉未成年人的事儿，不能坐等举报，相关部门应主动作为亮红牌，对“浮出水面”的违法行为，深挖猛打，以儆效尤。保护未成年人的权益，平台更不能只是说说而已，把好审核关、守好自家门，第一时间关停处置，不法分子就不至于如此嚣张。未成年人“举牌”，想要邀约的是什么？是屏幕外的关注，还是身边人的关心，是对自我的承认，还是对温暖环境的渴求？未成年人涉世未深，心智犹如一张白纸，打击非法“举牌”之外，需要家长、学校、社会各界共同努力，一起画最新最美的图画。（北京日报实习记者 李霞 视频来源：荔枝新闻） 北京日报的微博视频 收起"
2025/2/17,89,user205,“慢脚文化”，影响了未成年的价值观，导致他们模仿错误行为。家长应警惕孩子通过手机接触不良信息，引导他们树立正确价值观 心願逢冬的微博视频
2025/2/17,0,user213,《未成年拍举牌视频擦边，老少恋还炫耀，“慢脚文化”荼毒了多少人》未成年拍举牌视频擦边，老少恋还炫耀，“慢脚文化”荼毒了多少人网页链接
2025/2/17,1174,user195,是所谓的慢脚文化吗？前段时间家长们都在讨论这个事情。我女儿四年级，回来经常跟我说班上的同学会说很难听的让人听不懂的话。真的，某手平台真的不用多审核审核吗？ 弋起xiao熙熙的微博视频
2025/2/18,0,user214,慢脚文化真吓人。。
2025/2/18,147,user215,内容真是出乎意料，让人感叹时代的变化。年轻一代的成长速度令人惊讶，每一个细节都像是真实生活的再现。内容过于真实 一人分饰多角这种现象在新一代中尤为突出，展现了他们非凡的才华和创造力。真实还原 慢脚文化 幽默研习社的微博视频
2025/2/18,258,user216,10后的生活，充满了独特的文化和真实的自我展现。 奇闻趣事大喇叭的微博视频
2025/2/18,,user217,"疑似慢脚文化入侵...你们正在用一个ip的影响力做不可挽回的事,原神超话 ▌悠暇豪劲 · 瓦雷莎谨守恬安，豪勇锐进。==========「我最特别的弟子瓦雷莎啊…别人还真学不来她那悠悠哉哉的作风，不管到了什么地方，她都像个郊游的孩子，只想着当地的美食，要么就是物色露营睡觉的好去处…不过，要是你们一起抗击深渊的魔物，还请 展开,原神超话 ▌悠暇豪劲 · 瓦雷莎谨守恬安，豪勇锐进。==========「我最特别的弟子瓦雷莎啊…别人还真学不来她那悠悠哉哉的作风，不管到了什么地方，她都像个郊游的孩子，只想着当地的美食，要么就是物色露营睡觉的好去处…不过，要是你们一起抗击深渊的魔物，还请留心。戴上面具后，她突进的节奏…略微有点激进。」——伊安珊 谈及「沃陆之邦」的子民，纳塔人的第一反应是赞扬该部族的「全民健硕」，随后，记忆中便会泛起果蔬的清香与甜蜜。力量与丰沃是这个部族永远的名片，而名片上尤为亮眼的花纹，便"
2025/2/18,0,user218,上午三节数学课 一节课看欣赏慢脚文化评论区 一节课看全是田力的评论区 听课时长45min…老子被毁了
2025/2/18,0,user219,突然意识到现在真的很多人拿慢脚文化装逼，酗酒，酗迪，酗吸，跟个码喽一样
2025/2/18,25,user220,"或许大家对“慢脚文化”这个词有些陌生。那不妨停下来瞅两眼。慢脚文化，起初是对短视频平台快手内容的一种戏谑称呼，源于网友的反向思维定义。后被广泛用于诟病平台追求猎奇心理博眼球从而对未成年人群由外及内的深层次伤害。该文化主要指平台上存在的一些特效夸张、画风奇特、内容低俗的视频内容 展开,或许大家对“慢脚文化”这个词有些陌生。那不妨停下来瞅两眼。慢脚文化，起初是对短视频平台快手内容的一种戏谑称呼，源于网友的反向思维定义。后被广泛用于诟病平台追求猎奇心理博眼球从而对未成年人群由外及内的深层次伤害。该文化主要指平台上存在的一些特效夸张、画风奇特、内容低俗的视频内容。以下是其主要特点：内容特点特效与形象夸张：过度使用特效和美颜，将形象处理得怪异，如“三级头”“狐狸脸”等。行为怪异：有女孩躺进水沟扮演“水母”、把试卷改造成露脐装等。价值观扭曲：存在未成年人拍摄手持香烟摆造型、穿着“校服+丝袜”等视频，宣扬早婚早育、辍学等不当行为。软色情泛滥：未成年女性被诱导进行性感化展示，评论区存在私密照交易、非法交友信息等。产生原因平台因素：在“流量为王”的利益驱动下，平台对内容审核放松，使得低俗、不良信息得以传播。个人因素：部分未成年人缺乏辨别能力和自我控制能力，试图通过发布夸张、奇异甚至低俗的内容来吸引关注，寻求自我肯定和群体认同。家庭因素：一些家长对孩子的教育缺乏重视，未能给予正确的价值观引导和行为规范教育，亲子沟通不畅，使孩子易受不良文化侵蚀。社会因素：网络时代信息获取和交流方式改变，价值观多元化背景下，拜金主义、享乐主义等不良价值观对青少年产生冲击，同伴群体的影响也较大。影响对未成年人的影响：扭曲未成年人的价值观和审美，使其将不良行为视为正常甚至值得炫耀的事情，影响身心健康和未来发展。对社会的影响：污染网络环境，传播错误观念，不利于社会良好风气的形成和青少年的健康成长。治理措施加强平台监管：平台应严格内容审核，对低俗、不良信息及时屏蔽、删除，封禁违规账号，建立健全内容生态治理机制。完善法律法规：进一步完善未成年人网络保护相关法律法规，明确平台责任，加大对违规行为的处罚力度。加强家庭教育：家长应重视对孩子的教育和引导，培养其正确的价值观和媒介素养，关注孩子的网络行为，及时进行干预和纠正。社会共同关注：社会各界应共同关注未成年人网络环境问题，营造健康向上的网络文化氛围，引导未成年人正确使用网络。总之，“慢脚文化”是一种不良的网络文化现象，对未成年人的身心健康和价值观塑造构成了严重威胁，需要平台、家庭、社会等多方共同努力，加强监管和引导，为未成年人营造一个健康、安全的网络环境。 收起"
2025/2/18,0,user221,【太阳底下没有新鲜事】在抖音听说了“慢脚文化”就下载了个快手看看是不是这么回事，因为我不信，登陆后几乎每一条都是一些“成何体统”的内容，吓昏，感觉恶心很明显想吐的反应。🙉🙈🙊这不是个小事，因为这个坏事！
2025/2/18,4,user222,慢脚文化什么鬼，你的童年我的童年好像不一样🙉🙉
2025/2/19,4422,user223,坚决抵制幼态低俗化！支持网络空间清朗行动整顿“慢脚文化”，一系列网络恶俗用语与风气严重荼毒青少年心理健康，扭曲青少年价值观。“ymx拌饭” “hlj做抹🐻” “眼球上wen字” “试卷做lqz”简直骇人听闻！
2025/2/19,894,user063,别说未成年被网络腐蚀了 我他吗刷了三天慢脚都想去背上纹条龙
2025/2/19,5,user224,"前两天的章节刚写到这里，因为「定心丸」这个情节看的不多，既然平行时空搭建在一起了，有机会就又带了一笔。本意是想给各位当妈的铁子提个醒，因为现如今类似的「慢脚文化」渗透严重，这种群很多，那些人通常在🐧比较活跃。结果03月29日就偶然刷到现象 展开, 前两天的章节刚写到这里，因为「定心丸」这个情节看的不多，既然平行时空搭建在一起了，有机会就又带了一笔。本意是想给各位当妈的铁子提个醒，因为现如今类似的「慢脚文化」渗透严重，这种群很多，那些人通常在🐧比较活跃。结果03月29日就偶然刷到现象级案例。第一眼看到图1️⃣，还以为是10岁女童病了、才去照B超，刚泛起同情心，再仔细一看。。。图1️⃣不知背景是否自愿，但图2️⃣的宝妈，自己说她是10年的，娃爹也不涉及犯罪，不知怎么摆平的。搞懂‘男女主人设’后我甚至用计算器算了一下，10年的小朋友多大。。。是应该叫小朋友的吧？别的领域咱不清楚，最近一年多稍稍关注了一下网文数据，这些。。。该不会是喜欢看霸总强制爱的那批小朋友吧？嗯。。。看了这些我不光不会算数了，还突然感觉不认识字了，比词穷更为震惊作为一名可以凭借文字输出价值观的普通人，我想我要更努力地提升文字驾驭水平，争取有朝一日能靠反讽再把这种文化侵害画个重点赵十八还行超话 收起"
2025/2/19,1,user225,到底是哪个人发明出来的用快手线上学习的啊啊啊啊啊开屏慢脚文化☠️☠️☠️小孩姐0帧起手😱😱😱
2025/2/20,828,user226,今日的妆容充满了故事感，仿佛每一笔都是剧情的一部分。10后的早熟在慢脚文化中展现得淋漓尽致，独特的妆容更是增添了几分韵味。
2025/2/20,0,user227,慢脚真是让人无语了，这种玩笑也敢开
2025/2/20,0,user228,"就拿动漫来说～以前动漫里老能学到很多很多知识了印象最深的当属《蓝猫淘气三千问》系列了天文地理 恐龙时代 太空历险啥啥啥的我们那会也没学坏呀也没各种模仿呀而现在网络发达了各种“慢脚文化”出现了个人感觉该做的是正确引导而不是各种举报，各种归罪于引起小盆友“兴趣”的东西 展开,就拿动漫来说～以前动漫里老能学到很多很多知识了印象最深的当属《蓝猫淘气三千问》系列了天文地理 恐龙时代 太空历险啥啥啥的我们那会也没学坏呀也没各种模仿呀而现在网络发达了各种“慢脚文化”出现了个人感觉该做的是正确引导而不是各种举报，各种归罪于引起小盆友“兴趣”的东西 我还记得之前刷到一个做饭博主接了条游戏广告有个母亲留言：阿俊呐，我家孩子刚上初中，是你的粉丝，每天都会看你的视频。你能不能不要接游戏🎮广告啊，我怕他学坏了，天天打游戏。我看到的时候，感觉不可思议。再者，有部动漫被举报下架了，原因是：人物角色是粉色头发。我更莫名其妙了，世界不该是多姿多彩一些更能激发想象能力吗？噢，还有昨晚刚看到的，有位家长举报了《哪吒2》。我寻思饺子导演不是说砍掉了30+min的时长是考虑到各年龄段观众嘛…我觉得，应该是让小盆友明辨是非，错的事物不该明知不可为而为之而不是让全世界为他们让步，那以后呢？不在父母羽翼下之后呢？所以这次《哪吒2》爆🔥突然觉得还挺庆幸的 最近一直看着它升国旗 意义上已经上升到更高的层面了至少在动漫圈中作为代表向大家传递的各方面信息基本是积极乐观向上的人心中的成见是一座大山啊确实是。 收起"
2025/2/20,5,user229,慢脚文化害人不浅
2025/2/20,0,user230,慢脚文化 第一次很希望一个平台拜拜 真的感觉孩子很容易被带偏还不自知
2025/2/21,215,user231,10后 慢脚文化 生活中充满了各种意想不到的瞬间，但真实始终是最打动人心的部分。作为的一员，我们有着独特的视角和表达方式。在的影响下，每一个细节都值得细细品味。 欢乐时光机的微博视频
2025/2/21,3,user232,啊？想去看看慢脚文化 我一上号 这是？号被偷了？我明明去年还拿这号做指甲去了…
2025/2/21,1,user233,小孩子们别看快手了行吗脑子都坏掉了 抵制慢脚文化
2025/2/21,1,user234,慢脚文化害人不浅哈哈不愧是我从初中到现在一直鄙视的软件😅
2025/2/21,0,user235,个人觉得慢脚文化也不仅仅是小孩儿们与手机网络中一些见不得光的东西带动风气扭曲造成的，其背后或许有着没有大群的伙伴，经济文化发展以及网络时代带来的年龄差缩小，甚至是过于的，物质与心理城市化的影响，我不是为内些东西洗白，是说任何“文化”产生其必有经基础
2025/2/21,,user236,什么是慢脚文化啊？仅就视频里看到的内容，看着有点像像脑残的别称
2025/2/21,0,user237,尼玛说慢脚文化入侵的你们平时刷的都什么太以己度人了吧在那边叫
2025/2/21,0,user238,我的每日碎碎念啦啦超话 那慢脚文化真是恶俗。感觉里面是一群小学生。每次发的视频给我尬的脚趾头都能抠出一座城堡。
2025/2/21,3,user239,"最近才了解到什么是“慢脚文化”，属实太可怕了，仿佛一种糖衣包裹的精神鸦片腐蚀了成群的未成年心智。“试卷裙子”“红领巾抹胸”“眼球刻字”“梅D妆容”……算法把他们圈在了假恶丑的染缸里，本就缺乏深度思考的孩子，三观一点点被侵蚀……我都不敢想象如果我面对这样的孩子该怎么办？ 展开,最近才了解到什么是“慢脚文化”，属实太可怕了，仿佛一种糖衣包裹的精神鸦片腐蚀了成群的未成年心智。“试卷裙子”“红领巾抹胸”“眼球刻字”“梅D妆容”……算法把他们圈在了假恶丑的染缸里，本就缺乏深度思考的孩子，三观一点点被侵蚀……我都不敢想象如果我面对这样的孩子该怎么办？短视频平台背后的未成年暗网 收起"
2025/2/21,,user240,"笑得我//:慢脚文化入侵了//:手机没收了,妈妈级别🌚"
2025/2/22,2,user241,"看到这个话题的时候不知道怎么形容，没有特别的意外，发生在我大学所在地，不是搞什么地域歧视而是从我心底里觉得在当地呆了将近三年，有些 local真的很野蛮，像没开化，遇见了像18年快手慢脚文化鼎盛时期的那些精神小伙包括但不限于小学生……那些施暴者一个也别想逃，当时欺负得有多狠现 展开,看到这个话题的时候不知道怎么形容，没有特别的意外，发生在我大学所在地，不是搞什么地域歧视而是从我心底里觉得在当地呆了将近三年，有些 local真的很野蛮，像没开化，遇见了像18年快手慢脚文化鼎盛时期的那些精神小伙包括但不限于小学生……那些施暴者一个也别想逃，当时欺负得有多狠现在就等着受吧 收起"
2025/2/22,2,user242,"一想到上学我很难又有一点私人空间了，其实在家也很少，但是我可以在晚上十一点到第二天十二点，然后反正晚上的电视剧什么的更好看因为很安静，在学校也不是不安静吧，就是我的床真的很像避难所，还要不得不维持正常状态早早睡觉，一天至少三节大课，周围全是人，学校人均面积挺小的也没什么公园之类的 展开,一想到上学我很难又有一点私人空间了，其实在家也很少，但是我可以在晚上十一点到第二天十二点，然后反正晚上的电视剧什么的更好看因为很安静，在学校也不是不安静吧，就是我的床真的很像避难所，还要不得不维持正常状态早早睡觉，一天至少三节大课，周围全是人，学校人均面积挺小的也没什么公园之类的地方让我坐一下，那些组织又很喜欢干一些无可厚非的活，周围又有那些粤J的人，看那些人感觉像在看慢脚文化，好焦虑其实，又不是非上不可，都不知道有什么用 收起"
2025/2/22,0,user243,好久没看慢脚，下午无聊就下载回来了慢脚文化吓死人了
2025/2/22,0,user244,家里有孩子的 警惕慢脚文化渗透！
2025/2/22,2,user245,致敬我死去的慢脚文化 
2025/2/22,307,user246,不得不说真是太离谱了真实故事 离谱 慢脚文化 
2025/2/22,0,user247,跟快🤲🏻 赶紧取消合作吧 什么玩意啊 慢脚文化深入wcn这个话题我最近总是刷到 太恶心
2025/2/23,9,user248,所有平台看见楼丝疯抢几张破纸片子全部吻了上来从时代峰峻到慢脚到b站，我喊三二一你们一起跳好不好？来，预备！
2025/2/23,1,user249,慢脚文化真吓死我了 真要亡了
2025/2/23,3,user250,你听说过慢脚文化吗真的太可怕了😱😱神代类初中天天在天台自惨od想制作发明可是没钱还要去站街，爸爸妈妈看到以后说磊儿你为什么要这个样子，神代类边哭边说生在你们原生家庭真的太可悲了中式教育你赢了
2025/2/23,8,user250,你听说过慢脚文化吗真的太可怕了😱😱东云彰人小升初天天在直播擦边赚钱求打赏为了买松饼吃有时候没擦够还要去站街，甚至姐姐会把自己赚的钱拿走？！东云慎英看到以后说饼儿你为什么要这个样子，东云彰人边哭边说生在你们原生家庭真的太可悲了中式教育你赢了
2025/2/23,0,user251,文化拾光: 正确引导青少年，远离畸形文化！
2025/2/23,32,user252,在短视频刷到慢脚文化就生气，又是一群本身没能力典中式父母自我陶醉的狂欢哈。到底什么时候才能知道问题从来不出在孩子不出在手机不出在互联网不出在平台而完全只是你们教育方式有问题呢？你不管怎样举报动画片，怎样管制孩子玩手机，怎样规避掉一切
2025/2/23,0,user253,建议整治一下 慢脚文化
2025/2/23,0,user251,什么叫慢脚文化？为什么很多未成年小孩在拍擦边视频？深思。 - 今日头条网页链接
2025/2/23,150,user255,得是多失智才会拿“你担厕所黑稿多”当令箭一提慢脚b站大团建又不爱听了粉圈恨跟路人恨比起来是九牛一毛啊
2025/2/23,5,user256,抖音刷到【慢脚文化】，太恐怖了。这个世界怎么了，未成年学生怎么变成这样了呢？红领巾抹胸，试卷裙子，奖状抹胸，擦边直播，直播展示家里人的内衣内裤......我感觉这就是低俗文化，很恶心。
2025/2/23,8,user257,"太敏感➕共情能力强，无数次和m探讨过这个话题到底是奖励还是惩罚。每次晚上走高速，看见那些大车我都会跟姐姐感叹他们真的很不容易，很多都是成宿成宿地奔波，刚才在路上看见一个拉钢卷的大货车，因为在网上看到过很多说这种是十分危险的，姐姐和我说如果车突然急刹，刹不住的话那么重的钢卷是可能 展开,太敏感➕共情能力强，无数次和m探讨过这个话题到底是奖励还是惩罚。每次晚上走高速，看见那些大车我都会跟姐姐感叹他们真的很不容易，很多都是成宿成宿地奔波，刚才在路上看见一个拉钢卷的大货车，因为在网上看到过很多说这种是十分危险的，姐姐和我说如果车突然急刹，刹不住的话那么重的钢卷是可能直接碾压驾驶室的，每次一路上我都泪眼婆娑，为大车司机们祈祷平安无数次，如果不是为了生活，谁愿意如此劳累呢，那么大那么重的车和那小小的驾驶室形成鲜明对比，那一车车都是他们对更好的向往。记得很久很久很久之前，有天突发奇想看看快手，就下载了一个，看到一个（接父亲身体健康）视频的评论里一个十几岁的小女孩说“我爸爸也是大车司机，非常辛苦，希望他每一次都平安。”直到现在每每想起我还是会流眼泪，在那个“慢脚文化”、在这个浮躁虚伪的世界里，我很感动这个小女孩在自尊心最强的十几岁没有觉得他爸爸是大车司机而感到自卑，我也为她和她爸爸祈祷平平安安，日子一定会越来越好的。 收起"
2025/2/23,,user258,"狠狠点了 一年一年的续慢脚 不知道现在慢脚多招黑吗 而且本来粉丝群体年龄就比较小 被慢脚文化影响了付得起这个责任吗,其实是忍了很久，三专卖完了我就一口气说说。三专应该是你时代峰峻近一年来最重要、最赚钱的项目，竟然连拍几套卡这种小事都没有事先策划好吗？临到要出售了，来不及了，就用小年夜外务的两套妆造来拍？简直是工作能力低下到令人发指，全公司上下敷衍至极。字母平台有多衰败，数据有多差全网都知道， 展开,其实是忍了很久，三专卖完了我就一口气说说。三专应该是你时代峰峻近一年来最重要、最赚钱的项目，竟然连拍几套卡这种小事都没有事先策划好吗？临到要出售了，来不及了，就用小年夜外务的两套妆造来拍？简直是工作能力低下到令人发指，全公司上下敷衍至极。字母平台有多衰败，数据有多差全网都知道，无数博主都放弃了字母站的更新。你时代峰峻倒好，让时代少年团签约，直播还收费。这公司🧠到底怎么长的啊？怎么师弟们人人都能发🫘🎵，就时代少年团不行？我看你们真的嫌时代少年团粉丝太多了，工作人员里是不是有对家派来的卧底啊？这个直播更是拉了一坨大的。赚粉丝的💰买了套更大的新公司，结果硬件跟不上。收音不清楚，画质模糊，流程混乱，你司工作人员真的太好当了。回顾二专卖完后，大别墅没了、演唱会固定团队被换给公司其他人、团体合作少、资源被不断的被分出去、不停的去参加被吸血的家族活动…说实话是很累的一年，维q、愤怒、生气。所以💰收到了，销售额又创新高了，公司对时代少年团有规划吗？公司对团体有规划吗？我们粉丝有盼头吗？时代峰峻，我觉得你确实应该对时代少年团及全体粉丝有个交代。 收起"
2025/2/24,1,user259,以前身边的人都在玩黄色收音机，主播也是被劝了很多次，但是实在玩不下去，可能是因为他们太潮了主播太low了完全跟不上他们的思路，现在这种有一个新的代名词，叫慢脚文化。。。
2025/2/24,0,user260,可以是17岁27岁，但不能是7岁擦边 跳舞 慢脚文化 离谱 大数据推荐给有需要的人
2025/2/24,0,user261,这是什么慢脚文化，回你该呆的地方好吗
2025/2/24,1,user262,慢脚文化真害人 以打架为荣 不以为耻反以为荣 还自以为很帅 慢脚还允许这样的人一直发视频开直播真的危害太大了这种还评了个优质主播 不知道哪看出来的帅小眼睛还把磨皮美白开到死都那么丑 阿拉斯加看海湾的微博视频
2025/2/24,5503,user263,被“慢脚文化”毁掉的孩子，到底该怎么拯救？
2025/2/24,5,user264,看了看慢脚文化 没有人发现不对吗 现在男的女化 女的幼化 幼的黑化
2025/2/24,0,user265,为什么在哔哩哔哩还能看到“祝你小升初顺利”的弹幕，我不是离开慢脚了吗
2025/2/24,0,user266,我已经屏蔽无数次慢脚文化了 能不能别再给我推了
2025/2/24,0,user267,"有时候真的庆幸自己生早了，还没有被网络上的不健康信息荼毒太深。就拿我弟举例，他初中生学习成绩一塌糊涂，网络热梗倒是知道的一清二楚。而且被营销号影响的根本没有自己的思想和思维能力，说风就是雨，最重要的是拿着别人的观点来看待世界，说的冠冕堂皇，认为那就是正确的……救命啊，嚼 展开,有时候真的庆幸自己生早了，还没有被网络上的不健康信息荼毒太深。就拿我弟举例，他初中生学习成绩一塌糊涂，网络热梗倒是知道的一清二楚。而且被营销号影响的根本没有自己的思想和思维能力，说风就是雨，最重要的是拿着别人的观点来看待世界，说的冠冕堂皇，认为那就是正确的……救命啊，嚼别人吃过的馒头，过二手人生，真无语了。能不能大脑里有点真正的知识，怎么这么蠢啊………………………… 收起"
2025/2/24,,user268,"某手就是慢脚文化聚集地,悄摸说一句，快橘我都惹不起"
2025/2/25,2,user269,抖人抨击慢脚文化也挺好笑的
2025/2/25,0,user270,我发表了头条文章:《别让“慢脚文化”侵蚀未成年人身心健康》 别让“慢脚文化”侵蚀未成年人身心健康
2025/2/25,1,user271,"【警惕""反网丑""旗号下的儿童剥削】 某些博主竟让孩子穿着暴露，表情狰狞，行为怪诞的表演，编造的剧情更是雷人毁三观，""批判低俗文化""的遮羞布已盖不住赤裸的流量生意。此类乱象本质是双重消费：既消费公众对网络乱象的愤怒情绪，更消费孩子未被法律充分保护的肖像权益。 展开,【警惕""反网丑""旗号下的儿童剥削】 某些博主竟让孩子穿着暴露，表情狰狞，行为怪诞的表演，编造的剧情更是雷人毁三观，""批判低俗文化""的遮羞布已盖不住赤裸的流量生意。此类乱象本质是双重消费：既消费公众对网络乱象的愤怒情绪，更消费孩子未被法律充分保护的肖像权益。表面高举""批判慢脚文化""的大旗，实则通过刻意利用孩子制造视觉冲突。相关平台和部门不能坐视不管，要对刻意制造违和感，""反差""内容的账号加强管控；监管部门需完善""账号封禁+监护人追责""的双向惩戒机制，斩断伸向童年的黑手，不能失守的文明底线。燃新闻的微博视频 收起"
2025/2/25,4,user272,无意点开，感觉误入什么慢脚QQ群🙏🙏多看一眼这群gg还是mm就要来我空间踩踩了
2025/2/25,48,user273,全世界只有一家吹慢脚符合艺人和粉丝调性慢脚女王
2025/2/25,0,user274,我靠 我做过最叛逆的事情就是离家出走去我姥姥家住剃短发 打耳洞 我感觉我爸妈应该很庆幸第二胎是个弟弟 慢脚文化好可怕
2025/2/25,0,user275,有被那个什么鬼慢脚文化吓死…………这对吗？
2025/2/25,2,user276,在抖音刷到慢脚文化去下了快手一探究竟 点进去看后发现再多看一秒都会心梗 什么时候能封杀快手这个平台
2025/2/26,1,user277,刷到一个说慢脚文化的……荷人我只能说猎奇具像化了……
2025/2/26,2,user278,慢脚文化真是发自内心厌恶随着年龄的增长对一些网络流行语也觉得很讨厌
2025/2/26,0,user279,昨天打开快手刷了会儿视频，真是一代人有一代人的慢脚文化
2025/2/26,0,user280,⚠️慢脚文化❌
2025/2/26,0,user281,这两天刷到的慢脚文化简直刷新我的三观现在这未成年都是这么疯狂吗吓人
2025/2/26,0,user282,慢脚文化好恶心，头一次知道这种什么三观啊
2025/2/26,0,user283,这什么慢脚文化 真的世风日下
2025/2/26,5,user284,慢脚上全是进啥团队的咋这么赚💰 一群精神小妹演点剧本口袋就满满当当到底都是谁在刷啊我靠
2025/2/26,0,user285,看了那些被慢脚文化影响很深的小朋友的视频欧米茄 我真是老了 少和不三不四的人接触的想法也出现在我的脑子里
2025/2/26,1,user286,今晚想看看慢脚文化，特地去下载，发现自己早年的账号密码忘记了，经过不懈努力破解帐号终于异常了
2025/2/27,0,user287,"注册了一个慢脚，想体验一把抽象文化，什么07年小孕妇vlogo，内衣肩带当小皮筋，眼球里面写字啥的，我都把自己定位成一个15岁马上要考上职高的恋爱脑女生了，数据都快被我喂出来了结果我手贱忍不住搜索了KSG子阳和久酷完辣MD功亏一篑啊我的慢脚又变正常了 展开,注册了一个慢脚，想体验一把抽象文化，什么07年小孕妇vlogo，内衣肩带当小皮筋，眼球里面写字啥的，我都把自己定位成一个15岁马上要考上职高的恋爱脑女生了，数据都快被我喂出来了结果我手贱忍不住搜索了KSG子阳和久酷完辣MD功亏一篑啊我的慢脚又变正常了 收起"
2025/2/27,0,user288,"网络真的害人不浅，昨晚跟小组的姐姐在讨论的时候，她在寒假做家教的学生，才初中，同桌就怀孕退学了，她还说她们班好多人都跟对象碰了。我的妈呀，这太恐怖了，只能说赶紧打击慢脚文化吧。我弟也是，小小年纪就开快手号，打游戏发作品跟网上的人称兄道弟，他才四年级天天嘴里没一点好话，不是烂 展开,网络真的害人不浅，昨晚跟小组的姐姐在讨论的时候，她在寒假做家教的学生，才初中，同桌就怀孕退学了，她还说她们班好多人都跟对象碰了。我的妈呀，这太恐怖了，只能说赶紧打击慢脚文化吧。我弟也是，小小年纪就开快手号，打游戏发作品跟网上的人称兄道弟，他才四年级天天嘴里没一点好话，不是烂梗就是烂梗，小孩子都不知道是什么意思，就跟风一直玩梗。 收起"
2025/2/27,8,user289,窝🌿真的别再阉割我国文化输出了，依托着现代化流行化的东西好好搞输出也好少点文化挪用。拍点剧天天这那的，长剧这不让拍那不让播的有啥用，慢脚文化侵蚀青少年还不如看看以前的穿越剧……与其这不让拍那不让播的不如放开些好好拍剧，都不如强行要求电视剧啥的植入一些中国传统文化元素
2025/2/27,5481,user290,"被慢脚文化吓鼠，未成年在眼球里刻字、把地果当零食（地果=别人嚼过吐地上的槟榔）、闺蜜两人交往一个男生同时怀孕了被当作潮流、改花刀举牌（割腕举id合影）、七岁小孩浓妆艳抹录视频配文案“再也不是五岁的那个我了”，07年二胎宝妈对象78年的、还有清冷佛子……我寻思当年最非主流的时候也就剪个水 展开,被慢脚文化吓鼠，未成年在眼球里刻字、把地果当零食（地果=别人嚼过吐地上的槟榔）、闺蜜两人交往一个男生同时怀孕了被当作潮流、改花刀举牌（割腕举id合影）、七岁小孩浓妆艳抹录视频配文案“再也不是五岁的那个我了”，07年二胎宝妈对象78年的、还有清冷佛子……我寻思当年最非主流的时候也就剪个水母头穿个手绘板鞋顶天了，慢脚小孩真玩得花（贬义），谁来管管……谁来管管……… 收起"
2025/2/27,1,user291,慢脚文化的集大成者。
2025/2/27,70,user292,剧情演绎无不良引导，希望大家理性观看，树立正确价值观。 内容真实得让人惊叹，化妆效果离谱又有趣，10后的创意真是独特。 时间煮雨我煮段子的微博视频
2025/2/27,0,user293,慢脚文化吓鼠人，好畸形
2025/2/27,184,user294,妈呀现在慢脚文化真的好恐怖，专门针对中小学一样，刚刚学到的一个名词是「吃地果」什么是地果呢，就是别人吃过之后吐在地上的槟榔……会有人去捡起来吃……然后把这种行为称为「吃地果」……
2025/2/28,0,user295,三观受到了十级地震我今个才知道什么叫满慢脚文化真是恶心🤮现在的孩子都是怎么了，以前非主流都让我觉得不可思议，现在………
2025/2/28,0,user296,我刷到过切片，妈呀我都惊呆了什么污言秽语都说，就这都不封禁，那些小孩“学习”的慢脚文化不就是被影响的，希望dy平台重视青少年的发展
2025/2/28,0,user297,谁来举报一下这个app，无法无天了，审都不审一下，企业管理层有大问题
2025/2/28,0,user298,"慢脚文化，就是M国在上个世纪50年代对整个东亚叫”东亚去雄计划”的一部分。让男人越来越不像男人，男人女化，男人虚化，女人幼态化，(追求A4腰，纸片化，筷子腿才是美，少女感，营养不良，这样生孩子都难)。把幼童成人化，早熟，催熟。目前大家可以发现，日本收入最高的是牛郎，和女孩子做的”爸爸活 展开,慢脚文化，就是M国在上个世纪50年代对整个东亚叫”东亚去雄计划”的一部分。让男人越来越不像男人，男人女化，男人虚化，女人幼态化，(追求A4腰，纸片化，筷子腿才是美，少女感，营养不良，这样生孩子都难)。把幼童成人化，早熟，催熟。目前大家可以发现，日本收入最高的是牛郎，和女孩子做的”爸爸活”，韩国 现在最顶层的经济支柱之一-爱豆经济，切掉了生物物种延续，生育爆掉了！泰国，很多家庭让孩子做人妖，年轻人都干这些了，这个名族还有救吗？9080后有 古惑仔文化，非主流文化，杀马特文化，古惑仔文化就是估计你去滥性滥交， 施暴，大家都不务正业。杀马特文化就是标新立异，融入不了社会 。非主流文化就是鼓励你孤立，孤僻，把自己定义成精神疾病，抑郁，精分，人格分裂。我们发现4孩子这样，不要去责怪孩子，要理解，慢慢的去推动我们中国古文化，历史，我们自己的动漫，中国文化的博大精深，传统文化的魅力！ 收起"
2025/2/28,8,user299,刷到过几次关于10后慢脚文化的内容，也没点进去看，在想这是什么文化，为什么要叫慢脚。刚刚，忽然反应过来，原来它是个反义梗……
2025/2/28,,user300,"慢脚文化太可怕了 现在的小孩非的离谱,不是你们是真的敢拿纸打湿写字放眼白里啊…."
2025/2/28,0,user301,刚才小表弟问我知不知道什么叫慢脚文化他说他太恶心了，幸亏他没被污染
2025/2/28,0,user302,慢脚文化太可怕了。。。
2025/3/1,74,user303,小橘子的真实写照：手机是5T的，奶茶是靠蹭的，约架是要等到周末的，大本营是要去慢脚的，错别字是常有的哈哈哈哈哈 下次去线下记得喊解解不要光送暖宝宝，一张图拍四遍，让解解也点点奶茶！
2025/3/1,1,user304,“慢脚文化”正在悄然侵蚀中国，孩子深受其害，很多家长却不知情 网页链接
2025/3/1,5481,user290,"被慢脚文化吓鼠，未成年在眼球里刻字、把地果当零食（地果=别人嚼过吐地上的槟榔）、闺蜜两人交往一个男生同时怀孕了被当作潮流、改花刀举牌（割腕举id合影）、七岁小孩浓妆艳抹录视频配文案“再也不是五岁的那个我了”，07年二胎宝妈对象78年的、还有清冷佛子……我寻思当年最非主流的时候也就剪个水 展开,被慢脚文化吓鼠，未成年在眼球里刻字、把地果当零食（地果=别人嚼过吐地上的槟榔）、闺蜜两人交往一个男生同时怀孕了被当作潮流、改花刀举牌（割腕举id合影）、七岁小孩浓妆艳抹录视频配文案“再也不是五岁的那个我了”，07年二胎宝妈对象78年的、还有清冷佛子……我寻思当年最非主流的时候也就剪个水母头穿个手绘板鞋顶天了，慢脚小孩真玩得花（贬义），谁来管管……谁来管管……… 收起"
2025/3/1,0,user305,日常空耳：1.孩子收拾书包，说：“带上跳绳。”我：带上翘臀？2.我给孩子讲慢脚上的不良小学生文化，“不可以捡别人吃剩的槟榔。”娃疑惑皱眉：什么是鼻囊？
2025/3/1,7,user306,现在慢脚文化，十五岁主播就二胎妈了。短视频平台审核那么严，违禁词那么多，偏偏这个就没事。有关部门一个都不管，是想表示什么呢？
2025/3/1,7,user307,内心跪着的人永远站不起来抖音的环境真的震惊到我了，到底是怎么容忍发展成这样的？到底是怎么能做到面对快手的时候，说出抖音环境好，快手有慢脚文化的？
2025/3/1,7,user308,和紫啧一起滑雪体验慢脚文化～🙈
2025/3/1,0,user309,在B站看到了一條視頻“什麼是‘慢腳文化’”，給我搞驚呆了，現在網絡上都這樣了嗎，而且年輕人都這麽早熟？“十四歲懷孕”“紅領巾當抹胸”“試卷當……”這是荼毒孩子啊
2025/3/1,0,user310,看完狗狗的语言更想儿子了。慢脚文化真可怕我直接注销账号
2025/3/2,0,user311,这周末终于回去了！还是很粘我的小外甥模仿慢脚文化经典动作的学生，笑的我要发财了很好看的日落🌄又是幸福的一个周末啊
2025/3/2,2,user312,看着像慢脚文化的收益产物，🚮
2025/3/2,0,user313,“慢脚文化”最可怕的事情还是发生了从吃人转变为吃“未成年人”
2025/3/2,2,user314,刷到过几次她直播的录屏 说话行为都特别低俗 互联网还不加强管理 那就真是慢脚文化大传播了
2025/3/2,76,user315,03月29日看到8粉那个写道歉信的学生，咋说呢，和她家撕，一直有种悬空感，一种三次元层次的不对等感非常的直接。就是控评时你就能感受到，他们小散粉在外一直挂在嘴边的词儿，让我脑子里投射出的是“慢脚文化”的忠实受众的人物画像。事实也确实如此🚬
2025/3/2,0,user316,当今社会孩子正在潜移默化的被慢脚文化侵蚀
2025/3/2,0,user317,刚刚知道慢脚文化这么个词，好颠啊
2025/3/2,0,user318,被慢脚文化吓鼠了
2025/3/2,0,user319,我下了一下快手，想看看慢脚文化是不是真的现在我只求一双没看过快手的眼睛
2025/3/2,3,user320,我一直感觉她挺慢脚文化的其实
2025/3/2,0,user321,刷dy刷到说现在的小孩流行慢脚文化吃地果下一个视频又在说大学对大学生服从性测试别再欺负我们00后了好吗，大学了我们都成人了，三观可以说杠杠正啊，能不能着重管一下小学生初中生啊，现在的小孩还是小孩吗，毒瘤一样的存在，什么都逮着一个羊毛薅啊
2025/3/2,,user322,"…慢脚文化是个啥啊？,感觉现在的小学生被手机害了"
2025/3/2,3,user323,"但我觉得，书上找一堆真的小朋友来拍揭露慢脚文化并呼吁抵制的视频的，也挺一言难尽。毕竟那些抵制往往只是成年人一两个穿靴戴帽的情节，但孩子们的还原——无论是对行为还是偏执暴躁精神状态的呈现都是细致入微、活灵活现的。而以现在监护人、教育者的用心与水平，扮演这些角色对于小演员到底是一种预 展开,但我觉得，书上找一堆真的小朋友来拍揭露慢脚文化并呼吁抵制的视频的，也挺一言难尽。毕竟那些抵制往往只是成年人一两个穿靴戴帽的情节，但孩子们的还原——无论是对行为还是偏执暴躁精神状态的呈现都是细致入微、活灵活现的。而以现在监护人、教育者的用心与水平，扮演这些角色对于小演员到底是一种预防警示还是另一种精神污染，讲真，我态度很悲观…… 收起"
2025/3/2,1,user324,说得真不赖，性早熟的威力我们已经面试到了吧？慢脚文化的侵害可不是玩笑！所以相应的性教育应该尽早推广实施！
2025/3/2,0,user325,快手怎么还不倒闭，刚才刷到慢脚文化忍不住好奇登进去看了一下，全是小孩跳擦边舞的
2025/3/2,4,user326,这个痘印全是批判慢脚文化的想干嘛…有本事去整改慢脚啊
2025/3/2,128,user327,"你知道最近在短视频平台兴起的“慢脚文化”吗？“眼球刻字”“姨妈🩸拌饭”“梅du妆容”“早孕辍学”这些慢脚文化的不良风气，蔓延在某些短视频平台上。“慢脚文化”是2014年在短视频兴起，以未成年人为主体，来表现低俗，擦边，猎奇的一种畸形亚文化。这种畸形亚文化在快手上尤为猖獗，误导青 展开,你知道最近在短视频平台兴起的“慢脚文化”吗？“眼球刻字”“姨妈🩸拌饭”“梅du妆容”“早孕辍学”这些慢脚文化的不良风气，蔓延在某些短视频平台上。“慢脚文化”是2014年在短视频兴起，以未成年人为主体，来表现低俗，擦边，猎奇的一种畸形亚文化。这种畸形亚文化在快手上尤为猖獗，误导青少年，传播畸形扭曲的价值观，我们都需要以此警惕，坚决抵制！🙏 收起"
2025/3/2,24,user328,我有好长一个时间没有玩慢脚了 03月29日玩了一阵子 刷到几个yxh发张元英 结果你猜怎么的 居然已经25年了 评论区 还有人咬死张元英是山东人 好家伙澄清是不看的 一口一个山东人帮棒子偷文化 实际那几个老中人想偷张元英
2025/3/3,0,user329,同意！不要避性不谈啊！一定要越小干预越好慢脚文化怎么冒出来的，好好反思一下
2025/3/3,1,user330,慢脚文化能不能赶紧封完
2025/3/3,1,user331,在抖音刷到有人吐槽慢脚文化，一开始我：尊重平台自由吧，，，看完我：密码09年二胎小孕妇这几个词是可以放在一起的吗？
2025/3/3,0,user332,"我这个人平常是非常讨厌别人跟我玩一些网络热梗，尤其是那种奶龙还有贝利亚的那种，我真的非常非常讨厌，我觉得我讨厌的原因，一大重要的原因是因为现在有很多小孩子一零后甚至更小的孩子，他们已经接触到了这种满大街，我经过小学门口的时候，好多贝利亚，学奶龙跳舞的那种人是特别特别多的，我也很庆 展开,我这个人平常是非常讨厌别人跟我玩一些网络热梗，尤其是那种奶龙还有贝利亚的那种，我真的非常非常讨厌，我觉得我讨厌的原因，一大重要的原因是因为现在有很多小孩子一零后甚至更小的孩子，他们已经接触到了这种满大街，我经过小学门口的时候，好多贝利亚，学奶龙跳舞的那种人是特别特别多的，我也很庆幸自己是一个零零后，也算是这个时代的一个清流，当时满屏的公益广告在少儿频道，而且有很多三观非常正的动画片层出不穷，虽然之后上了初中开始快手和抖音，但是因为自己的心理受到过这种公益短篇的干预，也会自动地去屏蔽那些很不好的视频，就是自动的觉得那些社会人就是让我觉得印象非常不好，我一定不能变成这样的人，我还记得当时有一个公益短篇是family，主要就是说的是爸爸妈妈老了之后，子女要学会给他们遮风挡雨，但是我现在看少儿频道基本上没有这种公益广告，可以说是销售类的广告播个十几分钟都不建议条公益广告我可以说往后的学生时代真的是非常艰难的，包括现在很流行的慢脚文化，孩子们把试卷裹到自己的胸上去拍短视频，感觉并没有多大的干预，而只是一味地捂嘴，所以只要现在有人给我发那种奶龙啊，或者是一些各种各样的舞蹈，尤其是奶龙的我真的是生理性的厌，反而生理性的厌恶，我真的是会想把这个人删掉的感觉，包括我现在在抖音看一些人跟那些小孩对着跳的就是这种奶龙的，让我真的感觉很恶心啊，并没有觉得好笑 收起"
2025/3/3,18,user333,慢脚文化，这么乱了都不管吗？？？
2025/3/3,21,user334,偶滴神啊，我一直以为慢脚文化是说快手里有点精神小伙小妹那种意思，没想到已经在青少年中发展成这样了🙉🙉🙉我还是第一次听说什么地果🙉🙉🙉 季节限定sally的微博视频
2025/3/3,10,user335,第一次知道什么东西是慢脚文化，着实被吓到！艺校老师在收上来的学生手机里看到1⃣️女生们用试卷遮挡隐私部位拍照2⃣️一起组群结伴去外面吃别人吃剩下的槟榔渣…这位老师强烈建议家长不要给孩子买手机！ 西门町吃在宁波的微博视频
2025/3/3,0,user336,慢脚文化的流行，正在荼毒我们的下一代
2025/3/3,7,user337,那些在慢脚文化底下评论自己有多单纯的oo后大学生你们也是一群病得不轻的智障巨婴
2025/3/3,0,user338,必须的，慢脚文化实在是毒害了很多人
2025/3/3,390,user340,当代网络现状让人深思，10后的代入感很强，网络与现实的界限越来越模糊。 
2025/3/3,0,user341,真实的感受到了慢脚文化...
2025/3/3,,user342,慢脚文化最该diss的人//:飞天金鹰白玉兰你们等着//:萌得好超过呀//:怎么像安利视频//:一看就是没做唐筛//:我演戏
2025/3/3,0,user343,你们慢脚文化不要太吓人……
2025/3/4,0,user344,从反内卷到低俗极端，日韩国家的“慢脚文化”有多可怕？我国被渗透了吗？
2025/3/4,4,user345,第一次了解到慢脚文化去快手详细看了看好奇什么时候变成了这样让人没有看下去的欲望担忧未来的孩子会遭到什么样的价值入侵
2025/3/4,2,user346,"“慢脚文化”正在荼毒未成年人！刷到一个视频说慢脚文化，我还一脸问号什么是慢脚，原来是快手，几百年没玩了，下载回来看了一下，都是些什么玩意，这么猖狂吗？未成年擦边，⭐️暗示，⭐️诱导，底下的评论几乎清一色都是未成年，游走于法律边缘的视频比比皆是，就这样居然没被平台监管居然这个平台这 展开,“慢脚文化”正在荼毒未成年人！刷到一个视频说慢脚文化，我还一脸问号什么是慢脚，原来是快手，几百年没玩了，下载回来看了一下，都是些什么玩意，这么猖狂吗？未成年擦边，⭐️暗示，⭐️诱导，底下的评论几乎清一色都是未成年，游走于法律边缘的视频比比皆是，就这样居然没被平台监管居然这个平台这个软件还没被下架？？？青少年正处在三观形成阶段，类似视频的传播会给他们带来多大的影响难以想象。我真的被震惊到了，太恐怖了。希望能引起相关部门和相关媒体对该平台未成年行为乱象的重视，不要让他们成为成年人谋利的傀儡，更不要让这种不良价值观在下一代形成。 收起"
2025/3/4,818,user347,慢脚文化真的够了，当代网络现状让人感叹。美妆潮流不断，内容过于真实，简直离谱。表妹的反应更是让人忍俊不禁。 
2025/3/4,0,user348,"低俗网红多封点现在这个世界太速成 太迷幻 家长 小孩看到的都是这些网红不读书 有很多钱赚还有那个什么慢脚文化 真是看多了脑子都不好了 都觉得读书无用 都想躺平 说好听点躺平 说难听点消极逃避 自我找借口 就跟我有时候无力解决孩子情绪骂孩子一样2字 无能 展开,低俗网红多封点现在这个世界太速成 太迷幻 家长 小孩看到的都是这些网红不读书 有很多钱赚还有那个什么慢脚文化 真是看多了脑子都不好了 都觉得读书无用 都想躺平 说好听点躺平 说难听点消极逃避 自我找借口 就跟我有时候无力解决孩子情绪骂孩子一样2字 无能 收起"
2025/3/4,1,user349,不儿 痘印谁教你这么更新的 把转发键设置那么隐蔽 发日常键那么老大 才发现自己2.24莫名其妙把一个奇奇怪怪的宣扬慢脚文化的视频设成了我的日常
2025/3/4,10,user350,这么荼毒青少年的app都不严打 天天清朗清的什么？？？
2025/3/4,,user351,"昨天我才知道，“慢脚”两个字对应“快手”两个字。看了几眼这种文化介绍。。。这平台不杀留着过年吗？,你知道最近在短视频平台兴起的“慢脚文化”吗？“眼球刻字”“姨妈🩸拌饭”“梅du妆容”“早孕辍学”这些慢脚文化的不良风气，蔓延在某些短视频平台上。“慢脚文化”是2014年在短视频兴起，以未成年人为主体，来表现低俗，擦边，猎奇的一种畸形亚文化。这种畸形亚文化在快手上尤为猖獗，误导青 展开,你知道最近在短视频平台兴起的“慢脚文化”吗？“眼球刻字”“姨妈🩸拌饭”“梅du妆容”“早孕辍学”这些慢脚文化的不良风气，蔓延在某些短视频平台上。“慢脚文化”是2014年在短视频兴起，以未成年人为主体，来表现低俗，擦边，猎奇的一种畸形亚文化。这种畸形亚文化在快手上尤为猖獗，误导青少年，传播畸形扭曲的价值观，我们都需要以此警惕，坚决抵制！🙏 收起"
2025/3/4,0,user352,带小孩拍慢脚文化短剧的咋想的呢 自己扮演小孩的角色不行吗
2025/3/4,9,user353,"03月29日来说一下虎离磕点，虽然虎离很多cg，但是没人剪，因为从不专注自家👌其实就是玩老虎的小学生多一天到晚在慢脚抖音平台贴脸拿着几张同人图在信离评论区ky，当然，峡谷没有通天术，只有一物降一物，老虎小学生都这么多了，虎离姐的战斗力也还是弱得很适应每个赛 展开, 03月29日来说一下虎离磕点，虽然虎离很多cg，但是没人剪，因为从不专注自家👌其实就是玩老虎的小学生多一天到晚在慢脚抖音平台贴脸拿着几张同人图在信离评论区ky，当然，峡谷没有通天术，只有一物降一物，老虎小学生都这么多了，虎离姐的战斗力也还是弱得很适应每个赛季版本，一方小贴脸ky，一方负责在各大信离评论区要饭简直是无解阵容😱其实咱们信离马上结婚了，没错确实，而且我相信婚礼酒席上各位还是会来讨饭的 收起"
2025/3/4,6,user354,"⚠⚠⚠警惕！“慢脚文化”正向我们悄悄袭来 “慢脚文化”起初源于日韩年轻人对高压竞争和传统价值观的反抗，本是追求自由生活的表达。但在短视频与社交媒体的影响下，它却变了味。😱 如今，打开一些平台，充斥着宣扬“未成年妈妈的生活”“不上学才自由”这类极端化内容的视频，点赞量还能高达几 展开,⚠⚠⚠警惕！“慢脚文化”正向我们悄悄袭来 “慢脚文化”起初源于日韩年轻人对高压竞争和传统价值观的反抗，本是追求自由生活的表达。但在短视频与社交媒体的影响下，它却变了味。😱 如今，打开一些平台，充斥着宣扬“未成年妈妈的生活”“不上学才自由”这类极端化内容的视频，点赞量还能高达几十万甚至上百万。年轻人偏爱新奇刺激，使得这类不良内容传播极快。🚫 未成年人正处在价值观塑造的关键时期，“慢脚文化”中的低俗、极端观念一旦侵蚀他们的思想，后果不堪设想。🙅♀️我们不能让“慢脚文化”毒害未成年人的身心健康。平台应加强监管，家长和老师也要引导年轻人正确看待这类文化，别让不良思潮钻了空子。📚💪 醍醐守正君的微博视频 收起"
2025/3/4,0,user355,看到现在炸裂的慢脚文化 想起来当年的快手好像就是靠疯和土嗨才能火起来突然有点了解了精神小伙泷之前拍的那种搞笑段子 抠脚视频
2025/3/4,0,user356,慢脚文化Vs抖🎶文化——————之前下载过，想着发些磕cp的～但是后来刷着刷着里面的内容，真的非常的俗，低俗的俗～无论是人群的文化还是内容都让人感觉不适，与抖相比，抖是真的比较有文化的了内容质量上～于是我把慢脚删了，确信那不是我爱看的圈子～也不会再看～
2025/3/5,1783,user357,"看到有一些老师吐槽现在的未成年学生…说实在不知道怎么教了…他们现在流行的慢脚文化现在演变成了非常严重的侵害未成年的集体行为。吐槽的老师说现在学生上来就问老师你们学校能玩手机吗，然后他隔壁班的老师抓到一个女生在后排玩手机，没收后头开始尖叫大哭。几个老师很奇怪就在办公室看她手机里什 展开,看到有一些老师吐槽现在的未成年学生…说实在不知道怎么教了…他们现在流行的慢脚文化现在演变成了非常严重的侵害未成年的集体行为。吐槽的老师说现在学生上来就问老师你们学校能玩手机吗，然后他隔壁班的老师抓到一个女生在后排玩手机，没收后头开始尖叫大哭。几个老师很奇怪就在办公室看她手机里什么情况，结果看到她跟几个女生在女厕所脱光衣服拿作业本放身上拍裸照…看聊天记录更可怕，她们还有小团体会定期去街上吃地果，地果就是别人吃完吐掉的槟榔渣…更有甚者会在纸巾上写字然后沾湿放进眼球里，自拍说这是眼球纹身…刚还看到拿红领巾当肚兜…以及14岁就炫耀自己当了宝妈（…！老师们说真的没法教，家长一管就开始自餐，大喊原生家庭不幸，老师一管就会尖叫大哭说上学压力大老师虐学生，满嘴都是网上的六百六十六盐都不盐了。因为行为太可怕年纪又太小处于他想杀你都不用负责任的阶段，于是老师们反而怕他们…一般就当没看见了… 收起"
2025/3/5,125,user358,一首百万收藏没有的慢脚抖音下沉市场电子宠物，也是能怪上割席了十年以上的20多首百万收藏的韩团倒贴了。
2025/3/5,0,user359,"2025.3.5 雨天03月29日仍然是写昨天的事。昨天写到下班前的事情。为什么都是第二天写前一天的事呢，原本想睡前写的，但是睡前真的没办法再开电脑写了，太困。按照平时的生物钟，晚上11点多就已经睡觉了。昨天下班后，我上饭堂吃了晚饭，就回宿舍了。比较幸运，下班的时候没有下雨，在宿舍看起了“老福” 展开,2025.3.5 雨天03月29日仍然是写昨天的事。昨天写到下班前的事情。为什么都是第二天写前一天的事呢，原本想睡前写的，但是睡前真的没办法再开电脑写了，太困。按照平时的生物钟，晚上11点多就已经睡觉了。昨天下班后，我上饭堂吃了晚饭，就回宿舍了。比较幸运，下班的时候没有下雨，在宿舍看起了“老福”。老福是《咏春》的传承者，学习易经，道家等思想。看他的视频深有启发。看了那么多视频，总结出来的理论是，要同时提升自己的精神世界和身体素质，在很多事情同时发生的时候，身体也能承受得住。精神世界和身体是相辅相成的。现在很多人的抑郁，双向，心里不健全，很多人心里想通了，但是因为身体不够强，产生的激素会反过来把思绪拉回来。所以，想要治好这些病，归根到底，还是要把身体练好了。平时做做瑜伽，健身一下也好，每天抽出来5分钟做一下。很多人去做心理咨询，然后医生就会让吃药，很多时候会越吃越不好。为什么吃完药的人没那么难受了，是因为药物使人的所有感觉都变得缓慢。然后也了解到了，不同的音乐频率会有不同的磁场。很多文化入侵，都在美化侵略，譬如阿某达，人家一个好好地种族，找外来的一个人入侵，原来种族的一个很有思想觉悟的女性爱上这个入侵者，这个女性的父亲哥哥都是压榨人的，最后把他们都灭了。妈的，我听完都觉得毛骨悚然。关于文化入侵，还有之前被曝光过的毒教材，真的是太可怕了。还有让女性不像女性，男性不像男性，荷尔蒙降低，就会越来越低的生育率。还有慢脚文化，萝莉控，古惑仔等，这些都是把不好的东西一笔带过，把它们正常化的手段，都是西方很久以前想到的“去雄计划”，一个伟大的民族就是这样慢慢地被毁灭。很多以前去美的人，看个医生，就要花5000美元，管那里叫自由。就很多事情都是颠覆了一个正常人，正常思想，正常民族繁荣复兴的。还有走火运的，中间是空的，后面会容易不顺，比如日韩。学到了很多。。。昨晚就是这样刷视频度过了哈哈哈。 收起"
2025/3/5,0,user360,"在抖音意外听到一个词“慢脚文化”，听着视频博主的说法，觉得对青少年危害真的挺大…于是好奇去搜“什么事慢脚文化”看到时间点后，觉着不知道是庆幸自己知道的太晚还是后悔知道的太晚…就感觉与一些小孩们混的不是同一片网络…网络上的内容对现在孩子们的见解及价值观都会有很大的影响，而那些阴 展开,在抖音意外听到一个词“慢脚文化”，听着视频博主的说法，觉得对青少年危害真的挺大…于是好奇去搜“什么事慢脚文化”看到时间点后，觉着不知道是庆幸自己知道的太晚还是后悔知道的太晚…就感觉与一些小孩们混的不是同一片网络…网络上的内容对现在孩子们的见解及价值观都会有很大的影响，而那些阴暗的，不健康的东西该如何去控制…又如何让孩子们看到一个向上的积极的健康一些的内容呢？难道只有控制住手机这一条吗？………以及，哕… 收起"
2025/3/5,1,user361,揭秘恐怖的OD文化，这条视频且看且珍惜！药物滥用内容过于真实#心理健康 收起内容仅供参考，如有不适请线下就医
2025/3/5,11,user362,不要让网络毁了孩子的一生 
2025/3/5,1,user363,这是真的同意我妹妹现在六年级完全已经被慢脚文化入侵 王者各种处cp 背地里骂她爸爸
2025/3/5,2,user364,济南美术馆展出的AI机器人引发网友热议，您觉得这个可以在公共场合展出吗？ 
2025/3/5,0,user365,针对青少年的慢脚文化和OD磕药圈绝对有境外势力渗透
2025/3/5,0,user366,搜了一会儿慢脚文化快给自己整窒息了我真的服了
2025/3/5,3,user367,【投稿】就在刚刚，微信视频号上刷到一个博主解析慢脚文化形成原因和自己的思考，开头引了那个虚拟十四岁少女的播客实验，高柱还在看，但是，视频水灵灵的消失了……
2025/3/5,,user368,这是我这段时间第二次听到慢脚文化了，看样子形势很严峻了
2025/3/5,,user369,最近频繁听到慢脚文化这个词，问题是毒源哪里来的
2025/3/5,0,user370,第一次知道什么是慢脚文化 （）
2025/3/5,1,user371,最近老在小红书上看到很多博主抨击慢脚文化 不同的圈层不同的视频分区全都在上演同一个故事 虚空索敌一个爱玩慢脚爱化妆爱和老男人谈恋爱的表妹或者妹妹 恶意丑化孩子的形象 以偏概全 借着不荼毒孩子的名义揽流量圈粉 画着慢脚妆演绎剧情的脸也丑恶得像围着熏肉飞的苍蝇
2025/3/6,0,user372,所以什么是慢脚文化
2025/3/6,0,user373,活久见 第一次知道什么是慢脚文化
2025/3/6,4408,user374,大妹子…这还是中文吗？这还是一个时代吗？
2025/3/6,1,user375,慢脚文化真的很可怕
2025/3/6,73,user377,我以为慢脚无非是精神小伙精神小妹，可能土一点非主流一点，结果一搜吓我一跳…
2025/3/6,6,user379,慢脚文化真的荼毒了很多青少年，那边的视频风气极差，请问快手审核部门到底在干什么？第一次想封杀掉一个软件
2025/3/6,0,user380,还好我的快手很正常，特别的美好啊
2025/3/6,1,user381,看到自己家妹妹发个朋友圈都是黑丝jk腿就火大
2025/3/6,19,user382,什么是糖人？我弟回来说我好糖啊，什么东西听不懂
2025/3/6,1,user383,不是哥们，慢脚文化是个什么🐔8️⃣玩意儿啊？
2025/3/6,5,user384,"近年来，未成年人网络性侵案件频发，不法分子通过社交平台、游戏诱导，甚至利用AI技术伪造儿童色情内容。当“慢脚文化”“举牌”等亚文化裹挟暴力，当“深度伪造”（Deepfake）让伤害更隐蔽，每一段被传播的虚假视频，都可能成为压垮孩子的最后一根稻 展开, 近年来，未成年人网络性侵案件频发，不法分子通过社交平台、游戏诱导，甚至利用AI技术伪造儿童色情内容。当“慢脚文化”“举牌”等亚文化裹挟暴力，当“深度伪造”（Deepfake）让伤害更隐蔽，每一段被传播的虚假视频，都可能成为压垮孩子的最后一根稻草……对此，全国人大代表方燕建议，完善法律界定网络色情制品的处罚标准、严打AI生成虚假儿童内容、强化平台内容审查与责任、建立跨部门联合治理机制、普及网络安全教育、鼓励社会组织参与保护，用法律与技术筑起防火墙，让“隐形暴力”无处遁形。"
2025/3/6,2,user385,怎么可能完全杜绝不用呢，提这种问题为什么不从源头解决呢？把不良导向的视频直接下载封号不就行了，现在网络上流行的一种慢脚文化影响着青少年才是最恐怖的
2025/3/6,1,user386,求求了 快点吧 现在看这些小孩一个个语出惊人 还有慢脚文化 感觉这些小孩真的废了
2025/3/6,57,user387,"十四岁争当全网最小二胎宝妈，十五岁擦边直播售卖私密照，中学生辍学养胎，把红领巾当做肚兜，试卷改成露脐装；未成年和52岁老登的恋爱日常等等！看到这些文字，你头皮发麻吗！反正我是麻了！而且她们并不觉得这有任何问题，标题往往都写着“正常穿搭”、“勇敢的人先享受世界”、“做自己”这个世 展开,十四岁争当全网最小二胎宝妈，十五岁擦边直播售卖私密照，中学生辍学养胎，把红领巾当做肚兜，试卷改成露脐装；未成年和52岁老登的恋爱日常等等！看到这些文字，你头皮发麻吗！反正我是麻了！而且她们并不觉得这有任何问题，标题往往都写着“正常穿搭”、“勇敢的人先享受世界”、“做自己”这个世界什么时候颠成了连我们这种老牌杀马特都看不懂的程度了？03月29日我就带大家扒一扒，所谓的“慢脚文化”，究竟有多丧心病狂？ "
2025/3/6,1,user388,挺好的 这几天刷到那个“慢脚文化”这玩意看上去比当年非主流杀马特都癫…
2025/3/6,,user389,"想起那些年流行的一句话“拿低俗当有趣”，慢脚文化却是拿恶俗当时尚,十四岁争当全网最小二胎宝妈，十五岁擦边直播售卖私密照，中学生辍学养胎，把红领巾当做肚兜，试卷改成露脐装；未成年和52岁老登的恋爱日常等等！看到这些文字，你头皮发麻吗！反正我是麻了！而且她们并不觉得这有任何问题，标题往往都写着“正常穿搭”、“勇敢的人先享受世界”、“做自己”这个世 展开,十四岁争当全网最小二胎宝妈，十五岁擦边直播售卖私密照，中学生辍学养胎，把红领巾当做肚兜，试卷改成露脐装；未成年和52岁老登的恋爱日常等等！看到这些文字，你头皮发麻吗！反正我是麻了！而且她们并不觉得这有任何问题，标题往往都写着“正常穿搭”、“勇敢的人先享受世界”、“做自己”这个世界什么时候颠成了连我们这种老牌杀马特都看不懂的程度了？03月29日我就带大家扒一扒，所谓的“慢脚文化”，究竟有多丧心病狂？ "
2025/3/6,3,user390,喜欢慢脚文化的那群人最应该息屏
2025/3/6,0,user391,不说别的起码加强一些短视频的审核机制 真的某短视频排APP慢脚文化真的很恐怖 一些十三四岁自//残的有，怀孕的有，还有其他让人不能理解的行为
2025/3/6,0,user392,同意，现在小孩尤其是小学生被那种例如“慢脚”文化侵蚀太严重了
2025/3/6,0,user393,我说那什么慢脚文化是啥，原来是快手啊
2025/3/6,1,user394,那什么“慢脚”文化，真的绝了，到底是谁在传播这些？
2025/3/6,3,user395,一方面觉得孩子拥有自由，可以正常社交。但看到慢脚文化的侵袭，不得不为未来孩子的网络成长环境担忧。
2025/3/6,4,user396,幸好我不爱刷痘印慢脚而是十几年泡在ACG，网文顶多看个豆箩，还是实体书看着舒服
2025/3/7,0,user397,半夜不睡觉，dy刷到“慢脚文化”，开始还没看懂，心想这又是什么网络新词汇。去问deepseek，没能解答，又去🍠搜，了解到了是什么东西，看了后心里好难受啊！让这些孩子没能健康成长，是社会的错，是可恶的大人们没有作为。
2025/3/7,1,user398,《慢脚文化从来不仅是未成年人的叛逆（下）》慢脚文化从来不仅是未成年人的叛逆（下）网页链接
2025/3/7,1,user399,我认为的慢脚文化…………一般七八岁时，就会迷茫，因为这个年龄段是学会滚扑撕咬的年纪，他需要授业，但一旦没有这个出现，就会对未来充满慌惶。想要说慢脚文化的话，就是早点让孩子们有生存技能，让他们在七岁到36岁这个年纪能够有个很好的心理增健。
2025/3/7,0,user400,一直觉得被手机毒害的人们这句话可轻可重，现在了解到了，慢脚文化、手机成瘾这两个词危害此时此刻，想砂仁的心都有烦死了！！！
2025/3/7,0,user401,又听说一个初二的小孩不愿意上学了，现在的教育：卷坏了一批小孩，，慢脚文化又毁了一批小孩，我的孩子虽然才六岁多，已经对他以后的成长感到担忧了……，什么是好的教育，什么样是好孩子，别人眼里、父母的期待，还有孩子自己的内心，什么样的才是成功？
2025/3/7,1,user402,《慢脚文化，究竟有多“炸裂”？》
2025/3/7,0,user403,发布了文章 《揭秘“慢脚文化”如何围猎你的孩子！》 揭秘“慢脚文化”如何围猎你的孩子！
2025/3/7,0,user404,我嘞个慢脚文化啊给我搞得背后冷汗🤒
2025/3/8,236,user405,刚刚才知道什么是慢脚文化……这真的不是暗网吗!!!!我要疯了！现在的小孩都被浸泡在这样的网络环境里吗，太吓人了。
2025/3/9,0,user406,《60多分》《不想补课》《扬言跳楼》《8岁》buff叠满了 慢脚文化还我单纯可爱弟弟《一脚踹飞》《下跪》请问这些词都是怎么联系在一起的。主啵，真的想笑
2025/3/9,1,user407,半夜发生了个让我感觉堪称看到辣条上国宴余华玩慢脚文化一样匪夷所思的事情，原来多面性和反差是真的存在的这么清晰，得知此事要躬行老祖宗严选诚不欺我
2025/3/9,0,user408,妈耶，我刷到个讲慢脚文化的，就好奇去搜了一下，我不行了，这个世界太魔幻了🤦♂️我需要去看一下百家讲坛
2025/3/9,0,user409,我甚至觉得这些人可能都是被慢脚文化侵害的未成年。。。唉
2025/3/9,2,user410,不懂就问我家奇做错啥了，我服了一些慢脚xxs了，能不能别天天对不起对不起，对不起在哪？有事早去医院了，既然没去就是没事啊，不懂你们那么卑微干嘛？这是追星吗，就天天对不起，像个仆人一样的
2025/3/10,1,user411,是本盐烯太有文化了吗，他们在慢脚发作品文案都用的我的
2025/3/10,,user412,"这是慢脚文化吧//:真的很尴尬啊//:？//://:神人一群//:太神了//:列队//:我不行了吧//:互关列队,哇 雪梨评论区更是神级别的。。。"
2025/3/10,,user413,"對「慢腳文化」「精神小妹」的惡語相向也是一種傲慢,我對自己身上的缺點知道得清清楚楚 傲慢、刻薄、看不起別人、自私自利、極度自我中心 我無法理解他人的境遇 對他們的苦難視而不見 我又不是靠自己的努力才得到這樣的生活 投胎的時候可能運氣還行 就堂而皇之地說那些何不食肉糜的話 我的缺點阻擋我變得更女權或成為更好的人 心知肚明但沒辦法改變是最大 展开,我對自己身上的缺點知道得清清楚楚 傲慢、刻薄、看不起別人、自私自利、極度自我中心 我無法理解他人的境遇 對他們的苦難視而不見 我又不是靠自己的努力才得到這樣的生活 投胎的時候可能運氣還行 就堂而皇之地說那些何不食肉糜的話 我的缺點阻擋我變得更女權或成為更好的人 心知肚明但沒辦法改變是最大的問題 收起"
2025/3/10,25,user414,不要再到处散播你们的慢脚文化了好吗 我求求你们了
2025/3/10,5,user415,什么妈不妈粉 真的忍不住想吐槽一下 感觉像慢脚文化 太可怕了
2025/3/10,0,user416,警惕！娱乐至死的时代，别让网络鸦片荼毒民族希望
2025/3/11,0,user417,"又刷到200块钱精神小妹逛街系列。看到有三个妹子互相亲嘴的 颜值在线。 可以直接用牙开瓶喝酒 厉害 还不忌讳给拍视频的大哥喂食和牵手闹着玩～不过看起来也相对没之前看到的那么精神小妹。好青春0.0这更像闹着玩 也看过一些视频。真的混的比如东北或山东，广东之类的精神小伙。小妹真的hh夸张染发 一 展开,又刷到200块钱精神小妹逛街系列。看到有三个妹子互相亲嘴的 颜值在线。 可以直接用牙开瓶喝酒 厉害 还不忌讳给拍视频的大哥喂食和牵手闹着玩～不过看起来也相对没之前看到的那么精神小妹。好青春0.0这更像闹着玩 也看过一些视频。真的混的比如东北或山东，广东之类的精神小伙。小妹真的hh夸张染发 一身纹身眉钉舌钉之类（无意抨击亚文化） 慢脚 天天酒吧酗酒。好多男女在一间屋内住 然后打电话向父母要钱但精神小妹 或者小伙 如果开心也挺好的 如果不伤害他人和自己 自食其力就更好了…作为压抑自己的人 有时候羡慕他们那么放的开自己 哎 收起"
2025/3/12,,user418,"我只想说抵制麦琳的人 你生活中可能比麦琳节目中表现的人品更差 人家知错也出来道歉改正 你们只会在手机后面压缩女性生存空间 然后打着改善网络环境 真的很可笑 男性犯罪塌方的男性 可以包容原谅 换成女性 高喊抵制 咋不去抵制你们爱出轨爱🐞法制咖哥哥呀 咋不去抵制慢脚文化呀 咋不去高喊呢 抵制呢,【 】 3月7日，综艺“我们的爸爸”发布了麦琳分享自己的减肥心得节目片段，有许多网友对麦琳参与该节目表示不满，并评论区留言“举报麦琳！抵制麦琳式网红”。节目赞助商之一友臣回应称：“很理解您的愤怒，目前在各方施压下卫视应该将该艺 展开,【 】 3月7日，综艺“我们的爸爸”发布了麦琳分享自己的减肥心得节目片段，有许多网友对麦琳参与该节目表示不满，并评论区留言“举报麦琳！抵制麦琳式网红”。节目赞助商之一友臣回应称：“很理解您的愤怒，目前在各方施压下卫视应该将该艺人的后续内容已全面下架，艺人属于个人行为，与我司品牌无关。”君乐宝客服表示：“这个相关部门还未给我们答复，这边已经在尽量减少她（麦琳）的镜头了。” "
2025/3/12,4,user419,我家鼠星是慢脚文化学院出来的，不许你们这么说
2025/3/12,0,user420,"压力大昨天三点才睡 起不来没力气 中午也没休息搞进度还是被说没有每天汇报 突然被叫去开会一个半小时浑身疼是真的疼得坐不住 脖子疼腰疼头也疼 好累好想哭 编导生我导演系哥一起被说太文艺太要求完整性自嗨输出做无用0分垃圾 反而是外行人拍很烂的其他同事出爆款被夸 戏剧在消亡 艺术在熵增 宇宙在下 展开,压力大昨天三点才睡 起不来没力气 中午也没休息搞进度还是被说没有每天汇报 突然被叫去开会一个半小时浑身疼是真的疼得坐不住 脖子疼腰疼头也疼 好累好想哭 编导生我导演系哥一起被说太文艺太要求完整性自嗨输出做无用0分垃圾 反而是外行人拍很烂的其他同事出爆款被夸 戏剧在消亡 艺术在熵增 宇宙在下沉 学摄影和广告网媒新传什么都没有用 大数据和现在的媒体需要的不是我们 可以说以前学习的一切都被打碎否定了 好鬼惨啊 逃脱了本科专业早就不做梦放弃幻想了可还是没真的全身而退 想哭到一半觉得能学到东西又来了干劲 所有批评什么的都不听因为习惯了虽然还是心情不太好 真的在听在想在记笔记 可是出来以后刷到了李现在掉眼泪又想哭了 好累啊 看到这些没营养的男棒子我才感觉休息了一点缓了一点被拉回舒适圈 工作是我抗拒的成长是我不想面对的陌生大人样子好累 追星的奶头乐是多年如一日习惯的安全的乌托邦 为了签售和演唱会才想着坚持 我不喜欢面对生活啊生活一直没捞我一把 沥干了水分才能出锅的话 我会干涸而死的 不停被选择被当资源的我们 骂完慢脚文化其实自己也无孔不入被影响 就算想快起来也会焦虑 被开解慢下来也被裹挟 思考是一种特权也是暴力啊其实 自由就是方框把人圈住 死了就好了（。） 收起"
2025/3/12,1,user421,慢脚文化侵蚀社君 还是别人吐的捡来吧砸着更香
2025/3/12,70,user422,"现在到处宣扬的是什么“穿衣自由”、“恋爱自由”、“恋爱就好，婚姻无所谓”、“勇敢的人先享受世界”、“人生在于体验，不在乎结果”，包括随处可见发表一些不正当观念的情感直播间……我们可以刷到，初中生们也可以刷到，看看慢脚上形色各异的全网最小二胎宝妈，一脸稚气却 展开,现在到处宣扬的是什么“穿衣自由”、“恋爱自由”、“恋爱就好，婚姻无所谓”、“勇敢的人先享受世界”、“人生在于体验，不在乎结果”，包括随处可见发表一些不正当观念的情感直播间……我们可以刷到，初中生们也可以刷到，看看慢脚上形色各异的全网最小二胎宝妈，一脸稚气却擦边直播售卖私密照，拿红领巾当肚兜拿试卷改露脐装，未成年和叔叔爷爷辈之间的恋爱日常。这种社会风气下，注定以后二十年X病会大量泛滥，如果你能保证好自己端正的三观，拥有健康的圈子、和你三观相同默契的另一半，在以后真的是可以救命的。微博正文现在只是开头，我们拭目以待，这就是世界剧本不会改变，我们能做的就是守好本心，端正自己的行为，以身作则坚定教育好自己的下一代，就已经可以在这场淘汰中胜出了。 "
2025/3/12,0,user423,我就不应该知道:慢脚这个词！太踏马的炸裂了！这破玩意还有用它立人设？不就是一群垃圾吗？
2025/3/13,29,user424,"的最新动态和网友讨论，来智搜看看顾茜茜的直播和短视频多次因涉及低俗内容被投诉，包括直播中爆粗口、与男性主播擦边互动（如亲嘴）、过度展示纹身等早就超过了普通主播的直播内容，带坏青少年，早就该被封禁了，还有慢脚文化希望也可以多管理一下 展开,的最新动态和网友讨论，来智搜看看顾茜茜的直播和短视频多次因涉及低俗内容被投诉，包括直播中爆粗口、与男性主播擦边互动（如亲嘴）、过度展示纹身等早就超过了普通主播的直播内容，带坏青少年，早就该被封禁了，还有慢脚文化希望也可以多管理一下 顾茜茜抖音账号被永久封禁 收起"
2025/3/13,1,user425,支持！这种短视频平台都应该对内容严加管控！有些视频真的画面恶心，有的影响三观，特别是慢脚文化影响未成年人价值观塑造
2025/3/13,11,user426,限韩令是对的，韩国社会存在潜在隐形的ltp 现象！通过文艺作品和爱豆这一文化商品显性化 ！目前慢脚文化和隐性ltp正在侵蚀未成年三观！
2025/3/13,0,user427,还有那些毒鸡汤，慢脚文化
2025/3/13,0,user428,「好吧！互联网逐渐癫成了我想不到的样子…一直不知道很多博主说的慢脚是什么，我迅速补了下课！嗯…我现在急需一双没有看过的眼睛🆘从视频到评论区，两眼黑了又黑！什么时候能够整治一下这些🙏大离谱事件[话题]#」野生小佳呀在得物App发布了小视频，快来围观！网页链接 (分享自 ) 真的要有人管管了 收起
2025/3/13,1,user429,"这很韩国，偶像嘛，你选的，就该支持下去。是不是进入发达社会后，人的喜好就会发生性质上的变化？别说国外了，国内有不少青少年还是被幕后黑手灌输性的扭曲文化，就是那个慢脚文化，看来我还没落后，还在关注社会。人吃饱了，就会想七想八没事找事作死，不能吃得太饱 展开,这很韩国，偶像嘛，你选的，就该支持下去。是不是进入发达社会后，人的喜好就会发生性质上的变化？别说国外了，国内有不少青少年还是被幕后黑手灌输性的扭曲文化，就是那个慢脚文化，看来我还没落后，还在关注社会。人吃饱了，就会想七想八没事找事作死，不能吃得太饱，半饥饿状态才是最好的。 收起"
2025/3/13,1,user430,你们新浪娱乐也真是不要脸 明目张胆的说慢脚文化是吗！？
2025/3/14,1,user431,这帮人让我想起那个什么慢脚文化
2025/3/14,1,user433,"感觉00后真的像个句号，因为前一半的童年青春还没普及电子产品且处于黄金年代，思想底色仍然是很干净的理想主义，但后半段就开始被后现代轰炸，虽然也有慢脚文化的荼毒但好歹基础价值观已经形成的差不多了不会歪到哪去，总而言之就是比80和90癫但又没有10和20那么癫，骨子里铺着上世纪老实本分的底色但 展开,感觉00后真的像个句号，因为前一半的童年青春还没普及电子产品且处于黄金年代，思想底色仍然是很干净的理想主义，但后半段就开始被后现代轰炸，虽然也有慢脚文化的荼毒但好歹基础价值观已经形成的差不多了不会歪到哪去，总而言之就是比80和90癫但又没有10和20那么癫，骨子里铺着上世纪老实本分的底色但又沾染了新时代的光怪陆离，是最适合在时代夹缝中自我内耗的一代 收起"
2025/3/14,1,user434,"当下慢脚文化与东亚文化中对性教育的态度，形成了一个令人深思的矛盾体。一方面，网络平台上的信息泛滥，青少年可以轻易接触到大量与性相关的内容；另一方面，东亚文化中传统的保守观念使得性教育在家庭和学校中依然是一个“禁忌话题”。这种割裂的状态，凡而让他们通过非正规渠道获取信息，增加了被 展开,当下慢脚文化与东亚文化中对性教育的态度，形成了一个令人深思的矛盾体。一方面，网络平台上的信息泛滥，青少年可以轻易接触到大量与性相关的内容；另一方面，东亚文化中传统的保守观念使得性教育在家庭和学校中依然是一个“禁忌话题”。这种割裂的状态，凡而让他们通过非正规渠道获取信息，增加了被误导的风险，也加剧了社会对性教育的误解。慢脚文化作为网络文化的一部分，以其娱乐性、碎片化和低门槛的特点，吸引了大量青少年用户。然而，平台上的性相关内容往往以猎奇、调侃甚至低俗的方式呈现，缺乏科学性和教育意义。青少年在缺乏正确引导的情况下，容易将这些内容当作“性知识”的来源，从而形成错误的认知。例如，将性器官作为玩笑的对象，或者将性行为简单化为一种娱乐行为，忽视其背后的情感、责任与健康问题。这种文化的泛滥，反映了网络平台在内容监管和教育责任上的缺失。尽管平台有责任过滤不良信息，但更重要的是，它们应当主动提供科学、健康的性教育内容，帮助青少年建立正确的性观念在东亚文化中，性一直是一个难以启齿的话题。传统文化中的保守观念使得家长和学校对性教育采取回避态度，认为“孩子长大了自然就懂了”或“谈性会让孩子学坏”。但性教育的缺失不仅导致青少年对性知识的无知，还可能引发一系列社会问题，如性骚扰、意外怀孕、性传播疾病等。更重要的是，这种回避态度传递了一种错误的信号：性是羞耻的、不可谈论的。这种观念不仅压抑了青少年的正常需求，也阻碍了他们形成健康的情感关系和自我认知性教育不是洪水猛兽，而是青少年健康成长的必要组成部分。只有以科学、开放的态度面对性教育，才能为青少年创造一个健康、积极的成长环境，帮助他们更好地认识自己、尊重他人 收起"
2025/3/14,0,user435,宝宝其实你可以进军隔壁慢脚文化了 直接一个05已婚三胎在家带娃做家庭主妇的一天 吸一堆粉 0帧起号 真的 可以试试
2025/3/14,4,user436,p这种乱七八糟的东西的才是真的九年义务教育漏网之鱼吧 传播雪心抱力违fa的知不知道呢还有 有这样的审美的大概慢脚也没少看吧 有时间搁那逼逼赖赖不如好好学习替身素颜提高审美
2025/3/14,2,user437,高级慢脚文化呗就是
2025/3/14,3,user438,慢脚文化究竟有多炸裂！ 
2025/3/15,8,user439,反正拿女生来整节目效果本质上跟物化女性没啥区别 如果开hq是玩笑 那这些玩笑话对女孩子带来的不适又应该谁来买单？明明自己说过我们家大多数都是女粉 玩互联网就应该谨言慎行啊 如果还拿着快乐小手那一套慢脚文化
2025/3/15,5,user440,做家长的一定要提高警惕，谨防孩子受到所谓“慢脚”文化的侵蚀和伤害。
2025/3/15,5,user441,"刷到李小鹿挂看不懂bl的阿姨引导一群腐割过去网暴的那个事。突然就想起来好久之前慢脚上，人一个小女孩刷到了海底小纵队的拟人CP向同人图（并且原视频并未打任何bl，同人标签。就打了一个海底小纵队的动画tag。这样子的话人家小朋友就是很容易会刷到。人家小女孩仅仅只是评论了一句“毁童年”的玩 展开,刷到李小鹿挂看不懂bl的阿姨引导一群腐割过去网暴的那个事。突然就想起来好久之前慢脚上，人一个小女孩刷到了海底小纵队的拟人CP向同人图（并且原视频并未打任何bl，同人标签。就打了一个海底小纵队的动画tag。这样子的话人家小朋友就是很容易会刷到。人家小女孩仅仅只是评论了一句“毁童年”的玩笑话，没任何嘲讽/诋毁意味。结果就被腐割开户，然后伴随着一群人涌入小朋友主页的自拍视频嘲讽，网暴。腐割我求求你们放过什么都不懂的小朋友和叔叔阿姨们吧，为自己积点德好吗 专栏 · 原耽是光吖🥰 收起"
2025/3/15,0,user112,抖人恶臭到让我感觉人均天祥院人均发情男反串，真够恶心的，爱擦多擦嗯嗯，比慢脚还恐怖的爱女抖音
2025/3/15,38,user442,"咸鱼废文网超话 《顺直渣男总被》这么好看的文为什么超话里推都没什么推荐，嬷嬷狂喜 论坛体 还有直播受凝视剧情🥵还有没有类似的！！《低级哄骗》天龙人x弱智小狗 小狗是被网暴被开盒打的网络假乐子人 论坛体很棒写得好真实真的像现在的网络慢脚抽象文化👍🏿《万人嫌雄虫在恋综变成虫 展开,咸鱼废文网超话 《顺直渣男总被》这么好看的文为什么超话里推都没什么推荐，嬷嬷狂喜 论坛体 还有直播受凝视剧情🥵还有没有类似的！！《低级哄骗》天龙人x弱智小狗 小狗是被网暴被开盒打的网络假乐子人 论坛体很棒写得好真实真的像现在的网络慢脚抽象文化👍🏿《万人嫌雄虫在恋综变成虫母》np 绝美落魄大明星万人嫌实则万人迷 😍好喜欢受早期被监护人摁头当堕系偶像和陪初恋攻的剧情《愚蠢的有钱人》应该没人没看过吧 但这个几乎没有论坛体 就是天龙人们x小人《黄热病》美式lgbt元素 很特别的加州风情 独此一份但说是找小说代餐但真的找不到啦 一般都会找到另一本好看但不同题材的 重复循环 收起"
2025/3/16,38,user414,下沉pt的重要性不必多说 要利用好这些资源 多方面安利 不要局限于微博 微博主要是针对sj方面 吸粉还是要看第三pt dy ks 字母站的路人盘都很大 大家一定要重视安利方面（不要跟风所谓的慢脚文化 不要同担之间互撕 把陈浚铭放在首位 把“All For陈浚铭”刻在心里好吗
2025/3/16,1,user443,"我对网络的情感很复杂。一方面我讨厌它，它传播了太多有毒的信息：容貌焦虑，笑贫不笑娼，慢脚文化，无聊的梗等等影响着所有能接触网络的人。一些网友的审美让我都开始怀疑自己是不是审美出现问题🧍🏻♀️我姥半夜不睡觉偷偷关灯玩手机，身边多少朋友容貌焦虑，我外甥讲烂梗。我讨厌网络，但这 展开,我对网络的情感很复杂。一方面我讨厌它，它传播了太多有毒的信息：容貌焦虑，笑贫不笑娼，慢脚文化，无聊的梗等等影响着所有能接触网络的人。一些网友的审美让我都开始怀疑自己是不是审美出现问题🧍🏻♀️我姥半夜不睡觉偷偷关灯玩手机，身边多少朋友容貌焦虑，我外甥讲烂梗。我讨厌网络，但这不能单纯地归咎于某一方的错误。另一方面，我在城市生活竟无法不依赖网络，而我也抱着感恩的心。我的生活很便利，我可以接受到不同的信息（让我们暂且不谈信息茧房和各种algorithm），我也通过网络认识了一些好朋友。谢谢网络。我自嘲是勒德份子，不知道当人工智能像网络一样普及的时候我会有什么样的感想。 收起"
2025/3/16,0,user444,算是给我在地铁上见到慢脚文化了
2025/3/16,0,user445,都说反对慢脚文化谁来救救被反慢脚文化伤害的我睡了三个多小时去别人家送东西被家里小学生说“你的眼睛好像慢脚里的那个恶心妆容”。。。。nmd我素颜黑眼圈+妈生卧蚕怎么你了然后跟我吐槽了很长时间慢脚文化...以为自己很清醒三观很正吗小朋友....
2025/3/17,1,user446,稍微的了解了一下 慢脚文化 就觉得一代人有一代人的精神小伙/小妹
2025/3/17,0,user447,在娱乐至死的时代，别让慢脚文化成为风气 网页链接
2025/3/17,0,user448,现在小孩都被慢脚文化侵蚀了
2025/3/18,0,user449,流行的倒刺耳夹又是什么鬼东西慢脚文化入侵全世界了吗。。。
2025/3/18,0,user450,本来想把槟榔偷偷吐地上 结果想起来这附近是小学这该死的慢脚文化
2025/3/18,0,user451,我靠这个世界居然还有慢脚文化这种反人类的东西存在，请求封砂砂砂砂，这简直是在荼毒未成年
2025/3/18,,user452,"慢脚文化呀//:卡哇1//://:我有点害怕//:感觉是二次元//:来时的回忆//://:其实我也这样关种过//:我同学//://://:轉發微博,分享图片"
2025/3/18,14,user453,"有时候感觉当今青少年不是被慢脚“文化”就是被厕所“文化”给扭曲了三观，才13岁就能作下如此恶，太可怕了，网络真的会潜移默化影响人的身心，尤其是心智和三观还没成熟的孩子。但也不能完全把年龄小不懂事当做借口，实际上网络发达迅速，普遍的未成年基本什么都懂了，我不信她不知道开盒是犯法的， 展开,有时候感觉当今青少年不是被慢脚“文化”就是被厕所“文化”给扭曲了三观，才13岁就能作下如此恶，太可怕了，网络真的会潜移默化影响人的身心，尤其是心智和三观还没成熟的孩子。但也不能完全把年龄小不懂事当做借口，实际上网络发达迅速，普遍的未成年基本什么都懂了，我不信她不知道开盒是犯法的，做出这种泯灭道德的事，可想而知骨子里已经坏到了什么程度。 收起"
2025/3/19,25,user454,"他女儿抖音被扒出来 昨天去看了一眼 只能说长相完全看不出来百度小公主的气质 p图p的像个纸扎人 看着挺渗人的 有点慢脚文化的感觉 之前的视频关于二次元的也不受本圈待见 估计开盒也开了很多二次元 网友评论的骂声几百条每条都是高赞 临睡前又看了一眼 从原本的3 展开,他女儿抖音被扒出来 昨天去看了一眼 只能说长相完全看不出来百度小公主的气质 p图p的像个纸扎人 看着挺渗人的 有点慢脚文化的感觉 之前的视频关于二次元的也不受本圈待见 估计开盒也开了很多二次元 网友评论的骂声几百条每条都是高赞 临睡前又看了一眼 从原本的300多评论仅仅就剩45条 再到最后03月29日早上直接注销账号 既然自己都承受不了网络暴力 那开盒网曝他人的时候为什么那么心安理得口出狂言 你不可能永远未成年永远在加拿大 你肯定又回国的那一天 恨国恨到如此这般地步很符合我对张元英这个团体粉丝的刻板印象 收起"
2025/3/19,28,user455,见军号可以去新说唱海选现场，见玉玉涵可以去自行车厂，见等价心可以去牛棚，见木制成可以去贴吧，见同鱼困可以去驴棚，见晃说可以去慢脚
2025/3/19,0,user456,慢脚文化到底什么时候停止啊
2025/3/19,0,user457,乒丝真的特别像一群村里没通网的老年人，第一次玩网看到慢脚文化，以为发现了什么不得了的新潮玩意激动地上蹿下跳，特别幽默。不会用微博就闭嘴，别闹笑话了好吗
2025/3/19,24,user458,随便看到啥就开始“wcesa”“由于我的阅读速度过快”，别急着笑慢脚抽象人和搞笑女背梗了，你们也一群梗小鬼谁都好不到哪儿去的
2025/3/19,8,user459,深挖未成年圈子的隐秘角落，我们再一次被震惊..... 
2025/3/19,0,user460,我记忆里当年的慢脚文化还没发展成这样
2025/3/19,0,user461,"也别怪DGZ总接同种类型的短📺关键是 一想到 横短 强制❤️ 督军 ⭐️张力第一个想到的男yy 就是他……雀食适配同类型的横短男还有老头9️⃣ 杨ym淡素 老头9️⃣最近真的有股子老人味儿杨ym 又有点太痞了Ps：同类型的竖短男有马尿3️⃣ 丑沐 喊麦哥淡素 马尿3️⃣给人感觉是个蠢货 像极了头脑 展开,也别怪DGZ总接同种类型的短📺关键是 一想到 横短 强制❤️ 督军 ⭐️张力第一个想到的男yy 就是他……雀食适配同类型的横短男还有老头9️⃣ 杨ym淡素 老头9️⃣最近真的有股子老人味儿杨ym 又有点太痞了Ps：同类型的竖短男有马尿3️⃣ 丑沐 喊麦哥淡素 马尿3️⃣给人感觉是个蠢货 像极了头脑简单四肢发的玩意儿 一看到他窝就想起来红猫蓝兔7️⃣侠传里面的大奔丑沐又太村了 淡素去头可食喊麦哥看起来又像没什么文化的村头精神小伙 穿个豆豆鞋天天在慢脚zb 收起"
2025/3/20,0,user462,在抖点赞几个小猫小狗的视频后开始给我推宠物了，本来挺开心，后面突然给我推一些夜店/擦边/wcn我靠了什么鬼东西啊抖文化真恶心，想到互联网说的慢脚文化更甚，救命啊现在的小孩子上网冲浪能有什么好东西看，大清亡了啊。
2025/3/20,0,user463,从《洛丽塔》到“慢脚文化”，你以为的可爱，可能是场围猎。 从《洛丽塔》到“慢脚文化”，你以为的可爱，可能是场围猎。
2025/3/20,9,user464,开合那个事情闹好大，央视，字母站好多UP都在做，包括还有介绍慢脚文化的………
2025/3/21,6,user465,"带有攻击性的语言不要脱口而出说一个鲜明的对比：我的1号姐姐 （我喜欢马面裙 她说丑死了 我喜欢不是很红的订婚宴背景 她说丑死了……）她说这些是没有恶意的 单纯是她不喜欢 但是她没有尊重我 泼我冷水 所以我会觉得这些语言对我造成了伤害 但我没有去争辩 因为很累且毫无意义我的2号姐姐就不会这 展开,带有攻击性的语言不要脱口而出说一个鲜明的对比：我的1号姐姐 （我喜欢马面裙 她说丑死了 我喜欢不是很红的订婚宴背景 她说丑死了……）她说这些是没有恶意的 单纯是她不喜欢 但是她没有尊重我 泼我冷水 所以我会觉得这些语言对我造成了伤害 但我没有去争辩 因为很累且毫无意义我的2号姐姐就不会这样 她的语言很温柔且带着尊重 让我不由自主的想要靠近尊重真的很重要（除了慢脚文化） 收起"
2025/3/21,127,user466,"昨天发了一个关于未成年擦边、畸形恋爱，炫耀怀孕的“慢脚文化”，很多人不解。那么我再随便发一个，这就是“慢脚基本盘”，这种视频，点赞轻轻松松13万，评论四万七千，所谓“下沉”。那种类似宣传给婴儿吃米汤不吃奶粉的，在这种文化圈里，都属于高端货。只要够对立，够无脑，够反智，够猎奇， 展开,昨天发了一个关于未成年擦边、畸形恋爱，炫耀怀孕的“慢脚文化”，很多人不解。那么我再随便发一个，这就是“慢脚基本盘”，这种视频，点赞轻轻松松13万，评论四万七千，所谓“下沉”。那种类似宣传给婴儿吃米汤不吃奶粉的，在这种文化圈里，都属于高端货。只要够对立，够无脑，够反智，够猎奇，你在这里就可以博得大流量。价值观导向出了问题。 "
2025/3/21,2,user467,慢脚文化 应该去慢脚
2025/3/22,27,user468,老天奶我真的很怕这种ID这种文案的慢脚xxs文化尴尬死我了我说尴尬不会被取件吧？
2025/3/22,1103,user469,"擦？？？特喵的原来慢脚文化成这样了啊？？？那这么说的话慢脚文化确实该整顿了。我是真的out了本来我还以为慢脚文化就是一些夸张搞怪非主流的新时代杀马特（不过仔细一想杀马特其实也包含了一些不太科学的性观念）……//://:炒作这个的都是恋童癖强奸犯吧……这 展开,擦？？？特喵的原来慢脚文化成这样了啊？？？那这么说的话慢脚文化确实该整顿了。我是真的out了本来我还以为慢脚文化就是一些夸张搞怪非主流的新时代杀马特（不过仔细一想杀马特其实也包含了一些不太科学的性观念）……//://:炒作这个的都是恋童癖强奸犯吧……这些小孩是不是家里没人管？ 收起,看到有说副总裁的女儿也去做FLJ的微博，让我想起去年很多博主曝光过的“慢脚文化”，未成年，擦边，怀孕，福利，买卖照片……她们扭曲的价值观…让人震惊。"
2025/3/22,1103,user470,"”慢脚文化”，第一次听说这个词。,看到有说副总裁的女儿也去做FLJ的微博，让我想起去年很多博主曝光过的“慢脚文化”，未成年，擦边，怀孕，福利，买卖照片……她们扭曲的价值观…让人震惊。 补果君的微博视频"
2025/3/22,1,user471,警惕！“慢脚文化”正在毒害未成年人 
2025/3/23,0,user472,在外滩看到了穿黑丝袜脸涂得很白的精神小妹，虽然慢脚文化很十恶不赦但真的看到只觉得很纤细可爱，真是青春无敌啊🙂↕️
2025/3/23,0,user473,"03月29日也是真正体会到了所谓的慢脚文化 也就是说互联网不良信息对未成年儿童的荼毒。给一个三年级小孩教关联词中的因果关系，让他用一个很简单的因为所以造句，他一会因为所以，科学道理、一会百因必有果等等一系列网络用词，多到我忘掉了。我感到诧异，单纯的以为这些应该只存在我们这个年纪。让他想半 展开,03月29日也是真正体会到了所谓的慢脚文化 也就是说互联网不良信息对未成年儿童的荼毒。给一个三年级小孩教关联词中的因果关系，让他用一个很简单的因为所以造句，他一会因为所以，科学道理、一会百因必有果等等一系列网络用词，多到我忘掉了。我感到诧异，单纯的以为这些应该只存在我们这个年纪。让他想半天也想不出来，随后我举了个“因为03月29日下雨，所以体育课在室内上”他跟着我造了好几个因为下雨，所以我不用上学、不用上课、不用去辅导班… 我在想我们当时造句都很自然，看着他潦草的练习题我感到无奈。 收起"
2025/3/23,2,user474,"《娱乐至死》之前很多人看娱乐至死，推荐娱乐至死这本书的时候我其实是有一些抗拒的，觉得这么一本人云亦云的书能讲出什么花来，但03月29日这读书课让我重新认识了这本书。在阐述娱乐至死的原因：1️⃣形式产生内容 2️⃣倾向决定观念 3️⃣内容向外扩散 放在现代社会的新媒体时代也不为 展开,《娱乐至死》之前很多人看娱乐至死，推荐娱乐至死这本书的时候我其实是有一些抗拒的，觉得这么一本人云亦云的书能讲出什么花来，但03月29日这读书课让我重新认识了这本书。在阐述娱乐至死的原因：1️⃣形式产生内容 2️⃣倾向决定观念 3️⃣内容向外扩散 放在现代社会的新媒体时代也不为过时，新媒体时代的短频快的形式影响着生产内容（低俗 范娱乐 哗众取宠 猎奇扮丑 尤其是对现在还没形成成熟三观的未成年人 什么慢脚文化… 真的是很恐怖，有种要毁了这带孩子的感觉） 现在内容的倾向性在逐步影响人的观念，社会更倾向于生产利益至上，能变现的内容，人失去了独立思考深度思考的能力，整个社会的风气变得浮躁戾气很重娱乐化。而在这其中最重要的不是媒介而是人，媒介会一直不断变化的，不管是从之前的语言文字印刷报纸还是现在的电视新媒体，在这个时代媒介是一直在变化的，很可能新的媒介就在明天出现，人如何看待运用媒介，不被媒介控制包出独立思考有自己的判断能力才不会娱乐至死。共勉。 收起"
2025/3/23,0,user475,杜绝慢脚文化，简直不能忍 上海
2025/3/23,8,user476,也是让我开了眼了，慢脚上居然有人cos渣/反里面原书攻的后宫女性
2025/3/24,0,user477,每天推荐儿童纪录片，每晚一集，提升知识，远离慢脚文化。 央视低龄儿童科普纪录片 
2025/3/24,2,user478,"黄毛和鬼火少年为什么会对未成年的小女孩有着致命的吸引力？很多原生家庭幸福的人无法理解。如果女孩子在家庭中缺乏关爱或陪伴，可能转向外部寻求情感依赖。跟黄毛在一起能让她们产生有安全感的错觉，尤其是当她们在现实中感到脆弱无助的时候。黄毛改装摩托车或者电动 展开, 黄毛和鬼火少年为什么会对未成年的小女孩有着致命的吸引力？很多原生家庭幸福的人无法理解。如果女孩子在家庭中缺乏关爱或陪伴，可能转向外部寻求情感依赖。跟黄毛在一起能让她们产生有安全感的错觉，尤其是当她们在现实中感到脆弱无助的时候。黄毛改装摩托车或者电动车，半夜飙车炸街，打架逃学，染头发纹身，有些女孩子会觉得他们很“酷”或“很潮”，青春期的女孩子内心也存在逆反，这种坏男孩反而成了有吸引力的符号。至于黄毛晚上飙车炸街的危险行为也给她们带来强烈的感官刺激，部分女生受影视作品或网络内容影响，将鬼火少年的危险行为浪漫化为“青春热血”或“为爱疯狂”，甚至认为与这类男生交往是“打破常规”的象征。还有所谓的慢脚文化，本身也是青春期自我认同感的一种表现。青春期的女孩子还没有建立正确的三观，就可能通过接近这类群体获得社交圈内的认可或社交地位提升。有些女孩子则沉迷被重视的假象。这些黄毛通过夸张的示爱行为（如当众表白、送廉价但用心的礼物）制造“专情”人设，让女生感到自己是被重视的焦点。好多黄毛男生即便经济拮据，吃了上顿没下顿，仍能让女生感到被关注。部分家庭对青春期子女缺乏正确引导，导致女生对“责任”“安全”等概念认知模糊。黄毛、鬼火少年的吸引力本质上反映了青少年对自我认同、社交归属和情感需求的探索。青春期的自我认同感是青少年在探索“我是谁”“我想成为什么样的人”的过程中形成的对自我价值的认知和接纳。这一过程既充满迷茫与冲突，也是人格独立和社会适应的重要基石。埃里克森提出，青春期（12-18岁）的核心发展任务是 “自我认同 vs 角色混乱”，青少年可能尝试不同角色，甚至出现矛盾行为，比如既想叛逆又渴望被接纳。也会因外界评价与自我认知冲突产生焦虑，最后，通过逐步稳定对自我特质和人生目标的确认，形成相对一致的价值观。青春期是很重要的一个时期。健康的认同感不在于“找到标准答案”，而是培养出弹性认知——既能坚定核心价值，也能灵活适应变化。认同感是青少年送给未"
2025/3/24,70,user479,震碎三观的“慢脚”文化，看完恶心了三天三夜……
2025/3/24,1,user480,"两个mmr在我旁边吐槽这次🌞卡。⬇️A：还有抱起来战斗、扣紧腰的动作，怎么这么恶心啊…B：（很嫌弃）怎么是这种啊，好恶心啊。战斗的时候谁要被抱起来啊，不叫男主离远一点算好的了。A：为什么衣服这么丑啊？我不喜欢B：看了网上几个人的对比图，看着是男主衣服里面最丑的。A：感觉叠在向下兼 展开,两个mmr在我旁边吐槽这次🌞卡。⬇️A：还有抱起来战斗、扣紧腰的动作，怎么这么恶心啊…B：（很嫌弃）怎么是这种啊，好恶心啊。战斗的时候谁要被抱起来啊，不叫男主离远一点算好的了。A：为什么衣服这么丑啊？我不喜欢B：看了网上几个人的对比图，看着是男主衣服里面最丑的。A：感觉叠在向下兼容，迎合那些wcn的口味B：是啊，像那种慢脚文化的…A：还有两个人吻在一起然后坠落地球的，好恶心啊B：（很嫌弃的语气）怎么搞这种啊，好恶心啊 收起"
2025/3/24,8,user481,鞠婧祎周边市场超话 这慢脚人真的是没救了刷一个视频评论区底下总有我很满意我自己神经病吗
2025/3/25,0,user482,"昨晚睡前刷到，66 万赞的帖子，我一句都没看懂，整得我 one 愣 one 愣的。然后搜索【慢脚文化】，震碎三观，真的三观稀碎。如果说七八年前那所谓的“底层残酷物语”还是可被理解的、可被解构的、值得被看见的，因为曾经在互联网精英 KOL 话语圈层的边缘人群，在人口数量上是不边缘的，在存在感和表达 展开,昨晚睡前刷到，66 万赞的帖子，我一句都没看懂，整得我 one 愣 one 愣的。然后搜索【慢脚文化】，震碎三观，真的三观稀碎。如果说七八年前那所谓的“底层残酷物语”还是可被理解的、可被解构的、值得被看见的，因为曾经在互联网精英 KOL 话语圈层的边缘人群，在人口数量上是不边缘的，在存在感和表达欲上，是不分高低贵贱的。那么，现在的网络深水区已经变成了彻底游走在伦理（以及法律）之外，把飘摇不定的人性用力往下拽的病态茧房。最近跟朋友聊到，总感觉现在有些直播和短视频，越来越看不懂，越来越抽象，是我们老了吗？可能只是我们还正常。最后的最后，就是，如果你在养娃，千万不要图省事和省时间，就把你的孩子丢给 ipad 和手机。❌❌❌网页链接 收起"
2025/3/25,11,user483,小混混 社会人 职高早放学 中专男 发廊小哥 不良少年 混的入 慢脚文化
2025/3/27,1600,user484,"管管吧，别成为下一个“慢脚文化”//: 你们就放任不管是吧？,啊？大家听说过“菜花夫妇”么，一对携带hpv病毒的网红，在全国各地乱窜，现在到了武汉，而且这种毒流量平台居然不封禁"
2025/3/27,7,user485,天啊好美的低素质低文化下水道慢脚文化滋养出来的大学情侣
2025/3/27,0,user486,不是怎么慢脚文化这种东西还能一直存在啊？
2025/3/28,0,user487,"马上要带对象回家，我却止不住地崩溃大哭？我真的爱他吗？你想过什么时候生孩子吗？破天荒的07年二胎小孕妇，让孩子当妹妹？当家庭经济来源都来源于男方，那个人就应该拥有家庭全部，这对吗？如果穿越了，是你嫁给你爸爸，或者你娶了你妈妈，你会如何......这期节目关 展开, 马上要带对象回家，我却止不住地崩溃大哭？我真的爱他吗？你想过什么时候生孩子吗？破天荒的07年二胎小孕妇，让孩子当妹妹？当家庭经济来源都来源于男方，那个人就应该拥有家庭全部，这对吗？如果穿越了，是你嫁给你爸爸，或者你娶了你妈妈，你会如何......这期节目关于我们每一个人——它比渣男渣女更值得你收听。有问题，同时也有思考：婚姻法改革，全职主妇量化补偿，用法律的天平称量看不见的付出哪怕我们有一天不再幸福了，我也有一个人说走就走的底气，因为我始终是幸福的一起来听听不分昼夜主播们关于婚姻各类问题的新思考【节目制作不易，期待您的订阅与评论，谢谢您，这对我们非常重要！】收听指南＆内容指引01:43 关于我们每一个人——这期节目比渣男渣女更值得你收听03:21 马上要带对象回家，马上要结婚，我破防地崩溃大哭06:47 慢脚文化：07年二胎小孕妇，让我的孩子当我的妹妹07:38 当家庭经济来源都来源于男方，那个人就应该拥有家庭全部，这对吗？18:51 我们这边称呼女性不叫名字，而是叫xx（丈夫名字）家的19:59 如果穿越了，是你嫁给你爸爸，或者你娶了你妈妈，你会如何？25:54 婚姻法改革，全职主妇量化补偿，用法律的天平称量看不见的付出33:26 我生孩子是因为我想生孩子，而不是因为别人都在做我才要去做34:16 相处了七年的女朋友，无法生育，你还会娶她吗？41:06 男朋友去家里见面过年，我产生了严重的婚姻焦虑，该怎么办50:47 当男朋友来我家，七大姑八大姨都来了59:59 当传统孝道撞上平等婚姻。你作为当代的新青年，你站哪一边？64:03 关于二零二五年二月一号实行的婚姻法的新感想68:19 哪怕我们有一天不再幸福了，我也有一个人说走就走的底气，因为我始终是幸福的音乐采样：SoulFa 灵魂沙发《沙发上的白日梦》 "
2025/3/28,3,user488,"其实我一直觉得我自己是人品不错的一个小女孩，看到一些年纪大了的爷爷奶奶麦东西会去帮他们买走，但我没想到我这样的人会被背刺，起因是我拿她表情包（不是她做的）但我和她说过了的，她也拿了我的，但她理直气壮地骂我见，说我该死。她把我慢脚单曲了，我就想着好气啊，我就去和老师说她带手机来学校 展开,其实我一直觉得我自己是人品不错的一个小女孩，看到一些年纪大了的爷爷奶奶麦东西会去帮他们买走，但我没想到我这样的人会被背刺，起因是我拿她表情包（不是她做的）但我和她说过了的，她也拿了我的，但她理直气壮地骂我见，说我该死。她把我慢脚单曲了，我就想着好气啊，我就去和老师说她带手机来学校了，结果呢被我男同学听到了 就去和她说，然后被她骂私全家、是麦的、有艾滋病…还带同班的小姐妹围殴我，可我没做错什么…我就活该被背刺吗？ 收起"
2025/3/28,1,user489,跟我奶奶的聊天，都是客家话转不了文字我姑婆的孙女要结婚了，奉子成婚，孩子8个月了。这个孙女，跟我表妹同年，08年的，我的老天爷，18岁都还不满！好可怕！男方大一岁，刚好满18。又是受慢脚文化荼毒小孩，慢脚有什么好刷的啊，我表妹也刷，每次叫她卸载慢脚都不听！
2025/3/28,1,user490,"刚才和朋友聊天小红书“宝宝辅食”，女性用户就是正常的，男性用户出来的都是擦边视频，还有“慢脚文化”，男的给未成年女性诱导拍擦边视频这种黄色的蔓延，一旦摧毁就是摧毁一个女孩的一辈子。认知水平决定一个人道德的上下限道德都不存在的人，基本上和邪魔没有区别，丧失人性的，也不过是披着 展开,刚才和朋友聊天小红书“宝宝辅食”，女性用户就是正常的，男性用户出来的都是擦边视频，还有“慢脚文化”，男的给未成年女性诱导拍擦边视频这种黄色的蔓延，一旦摧毁就是摧毁一个女孩的一辈子。认知水平决定一个人道德的上下限道德都不存在的人，基本上和邪魔没有区别，丧失人性的，也不过是披着人皮的恶鬼将来这些人都是下地狱的，邪淫是最损害福报的孩子如果接触邪淫早的，会损害一生，注意力无法集中，智慧也会被邪淫堵塞，这就是猥琐发育。所以，小孩子的手机一定要监测好，多进行传统文化的教育，圣贤文化的教育，树立高尚的品格，对一个人的影响是一辈子的 收起"
2025/3/29,0,user491,国家什么时候可以整顿一下？？
